County;Municipality;ID;Discovered;Site_type;Name;Period;Arrow_transverse;Arrow_single_edged;Arrow_A;Arrow_B;Arrow_C;Arrow_D;Arrow_bifacial;Flint_spear;Flint_dagger;Flint_sickle;Slate_arrow_rhombic;Slate_knife;Slate_spear;Slate_sawed;Quartz_present;Core_shell_disc;Core_cylindrical;Core_conical;Core_keeled;Axe_flint_core;Axe_noestvet;Axe_pecked;Axe_limhamn;Axe_vespestad;Axe_vestlands;Axe_flint_pointbutt;Axe_flint_thickbutt;Axe_flint_thinbutt;Axe_flint_thinblade;Club_starshaped;Club_round;Battleaxe_BAC;Battleaxe_TRB_EN;Battleaxe_TRB_MN;Flake_polished;Bone_tool;Amber;Metal;Pendant_threesided;Pendant_LN;Grinding_stone_knuckle;Pottery_present;Reference
Troendelag;Snaasa;T17770;1956;Grave;Sem_Oestre;MNB;0;0;0;0;0;0;0;0;0;0;0;0;0;0;0;0;0;0;0;0;0;0;0;0;0;0;0;0;0;0;0;1;0;0;0;0;0;0;0;0;0;0;"Gaustad_1958;_Mikkelsen_1975"
Troendelag;Melhus;T26940;2015;Settlement;Gravraaksmoen;LN;0;0;0;0;0;0;0;0;0;0;0;0;0;0;0;0;0;0;0;0;0;0;0;0;1;0;0;0;0;0;0;0;0;0;0;0;0;0;0;0;0;0;Bryn_2016
Troendelag;Rennebu;;1980;Settlement;Bukkhammeren;N;0;0;0;0;0;0;0;0;0;0;0;0;0;0;1;0;0;0;0;0;0;0;0;0;0;0;0;0;0;0;0;0;0;0;0;0;0;0;0;0;0;0;Gustafson_1990
Moere_og_Romsdal;Aukra;T22706;2003;Settlement;Slettsanden_2;N;0;0;0;0;0;0;0;0;0;0;1;0;0;0;0;0;0;0;0;0;0;0;0;0;0;0;0;0;0;0;0;0;0;0;0;0;0;0;0;0;0;0;Joergensen_2008
Moere_og_Romsdal;Aukra;T22763;2003;Settlement;Selneset_67;N;0;0;0;0;0;0;0;0;0;0;1;0;0;0;1;0;0;0;0;0;0;0;0;0;0;0;0;0;0;0;0;0;0;0;0;0;0;0;0;0;0;0;Aastveit_2008a
Moere_og_Romsdal;Aukra;T22734;2003;Settlement;Fredly_30;MNB;0;0;1;0;0;0;1;0;0;0;1;0;0;0;0;0;0;0;0;0;0;0;0;0;1;0;1;0;0;0;0;0;0;0;0;0;0;0;0;0;0;1;Aastveit_2008f
Moere_og_Romsdal;Aukra;T22715;2003;Settlement;Fredly_29b;N;0;0;1;0;0;0;1;0;0;0;1;1;1;0;0;0;0;0;0;0;0;0;0;0;1;0;0;0;0;0;0;0;0;0;0;0;0;0;0;0;0;0;Aastveit_2008b
Moere_og_Romsdal;Aukra;T22738;2003;Settlement;Haahaugane_34;MNB;0;0;0;0;0;0;0;0;0;0;1;1;1;1;0;0;0;0;0;0;0;0;0;0;0;0;0;0;0;0;0;0;0;0;0;0;0;0;0;0;0;0;floor_1983
Moere_og_Romsdal;Aukra;T22758;2003;Settlement;Haasanden_54;MNB;0;0;0;0;0;0;0;0;0;0;1;0;0;1;0;0;0;0;0;0;0;0;0;0;1;0;0;0;0;0;0;0;0;0;0;0;0;0;0;0;0;0;Aastveit_2008d
Moere_og_Romsdal;Aukra;T22767;2003;Settlement;Litle_Grynnvika_63;MNA;0;0;0;0;0;0;0;0;0;0;1;1;1;0;0;0;0;0;0;0;0;0;0;0;0;0;1;0;0;0;0;0;0;0;0;0;1;0;0;0;0;0;Aastveit_2008e
Moere_og_Romsdal;Aure;T14643;1932;Grave;Bjoennhammaren;N;0;0;0;0;0;0;0;0;0;0;0;0;0;0;0;0;0;0;0;0;0;0;0;0;1;0;0;0;0;0;0;0;0;0;0;1;0;0;0;0;0;0;Unpublished
Moere_og_Romsdal;Fraena;T27311;2016;Settlement;Korsmyra_1;N;0;0;0;0;0;0;0;0;0;0;1;1;1;1;1;0;0;0;0;0;0;0;0;0;1;0;0;0;0;0;0;0;0;0;0;1;0;0;0;0;0;0;Bryn_and_Sauvage_2018
Moere_og_Romsdal;Gjemnes;T25846;2012;Settlement;Astadkrysset;N;0;0;0;0;0;0;0;0;0;0;0;0;0;0;0;0;0;0;0;0;0;0;0;0;0;0;0;0;1;0;0;0;0;0;0;0;0;0;0;0;0;0;Engtroe_2012
Moere_og_Romsdal;Gjemnes;T25789;2012;Settlement;Jelkrem;MNB;0;0;0;0;0;0;0;0;0;0;1;1;0;1;1;0;0;0;0;0;0;0;0;0;1;0;0;0;0;0;0;0;0;0;0;0;0;0;0;0;0;0;Lorentzen_2013
Moere_og_Romsdal;Heroey;T7300,_T7301,_T7531,_T12537;1922;Settlement;Igesund;N;0;0;0;0;0;0;0;0;0;0;1;0;0;0;1;0;0;0;0;0;0;0;0;0;1;0;0;0;0;0;0;0;0;0;0;0;0;0;1;0;0;0;Unpublished
Moere_og_Romsdal;Kristiansund;T11047,_T11048,_T11049,_T11050,_T11051,_T11052,_T11053;1913;Settlement;Allanenget_I;N;0;0;0;0;0;0;1;0;0;0;0;0;0;0;0;0;0;0;0;0;0;0;0;0;0;0;0;0;0;0;0;0;0;0;0;0;0;0;0;0;0;0;Bjoern_1920
Moere_og_Romsdal;Kristiansund;T11054,_T11067;1913;Settlement;Allanenget_III;N;0;0;1;0;0;0;1;0;0;0;1;0;0;0;1;0;0;0;0;0;0;0;0;0;1;0;0;0;0;0;0;0;0;0;0;0;0;0;0;0;0;0;Bjoern_1920
Moere_og_Romsdal;Kristiansund;T11056,_T11266;1913;Settlement;Allanenget_IV;N;0;0;1;0;0;0;0;0;0;0;1;1;0;0;0;0;0;0;0;0;0;0;0;0;1;0;0;0;0;0;0;0;0;0;0;0;0;0;0;0;0;0;Bjoern_1920
Vestland;Vaagsoey;B11072,_T11172;;Settlement;Aasmundsvaag;N;0;0;0;0;1;0;1;0;0;0;1;0;1;1;1;0;0;0;0;0;0;0;0;0;0;0;0;0;0;0;0;0;0;0;0;0;0;0;0;0;0;0;Bakka_1979
Vestland;Vaagsoey;B6944,_B6945,_B7015,_B7016,_B8486;1916;Settlement;Korsen;N;0;0;1;0;0;0;0;0;0;0;1;1;1;1;1;0;0;0;0;0;0;0;0;1;1;0;0;0;0;0;0;0;0;0;0;0;0;0;0;0;0;1;Bjoern_1920,_Skjoelsvold_1977:246
Vestland;Bremanger;B14588;1992;Settlement;Haukedal_1_Fase_2_3;EN;1;0;1;0;0;0;0;0;0;0;1;0;0;0;0;0;1;0;0;0;0;0;0;1;0;0;0;0;0;0;0;0;0;0;0;0;0;0;0;0;0;0;Bergsvik_2002
Vestland;Bremanger;B14588;1992;Settlement;Haukedal_1_Fase_4_5;MNA;0;0;0;0;0;0;0;0;0;0;1;0;0;0;0;0;0;0;0;0;0;0;0;0;1;0;0;0;0;0;0;0;0;0;0;0;0;0;0;0;0;0;Bergsvik_2002
Vestland;Bremanger;B14588;1992;Settlement;Haukedal_1_Fase_6;MNB;0;0;0;1;0;0;0;0;0;0;1;0;1;0;1;0;0;0;0;0;0;0;0;0;1;0;0;0;0;0;0;0;0;0;1;0;0;0;0;0;0;0;Bergsvik_2002
Vestland;Bremanger;B14590;1995;Settlement;Haukedal_3;N;0;0;0;0;0;0;0;0;0;0;1;0;0;0;0;0;0;0;0;0;0;0;0;0;1;0;0;0;0;0;0;0;0;0;0;0;0;0;0;0;0;0;Bergsvik_2002
Vestland;Bremanger;B14604;1991;Settlement;Havnen_17_Fase_1;F3;0;0;0;0;0;0;0;0;0;0;0;0;0;0;0;0;0;1;0;0;0;0;0;0;0;0;0;0;0;0;0;0;0;0;0;0;0;0;0;0;0;0;Bergsvik_2002
Vestland;Bremanger;B14604;1991;Settlement;Havnen_17_Fase_2a_c;F3;0;0;0;0;0;0;0;0;0;0;0;0;0;0;0;0;0;0;0;0;0;1;0;0;0;0;0;0;0;0;0;0;0;0;0;0;0;0;0;0;0;0;Bergsvik_2002
Vestland;Bremanger;B14604;1991;Settlement;Havnen_17_Fase_3;EN;0;0;0;0;0;0;0;0;0;0;1;0;0;0;0;0;1;0;0;0;0;0;0;1;1;0;0;0;0;0;0;0;0;0;0;0;0;0;0;0;0;0;Bergsvik_2002
Vestland;Bremanger;B14604;1991;Settlement;Havnen_17_Fase_4;MNA;0;0;0;0;0;0;0;0;0;0;1;0;0;0;0;0;0;0;0;0;0;0;0;0;1;0;0;0;0;0;0;0;0;0;1;0;0;0;0;0;0;0;Bergsvik_2002
Vestland;Bremanger;B14604;1991;Settlement;Havnen_17_Fase_5;BA;0;0;0;0;0;0;1;0;0;0;0;0;0;0;0;0;0;0;0;0;0;0;0;0;0;0;0;0;0;0;0;0;0;0;0;0;0;0;0;0;0;0;Bergsvik_2002
Vestland;Bremanger;B11670,_B15544;1963;Settlement;Glofoeyk_26;N;0;0;0;1;0;0;0;0;0;0;1;1;1;0;1;0;0;0;0;0;0;0;0;0;1;0;0;0;0;0;0;0;0;0;1;0;0;0;0;0;0;0;Bakka_1979,_Bergsvik_2002
Vestland;Bremanger;B14738;1995;Settlement;Glofoeyk_27_Fase_3;N;0;0;0;1;0;0;0;0;0;0;1;0;0;0;0;0;0;0;0;0;0;0;0;0;0;0;0;0;0;0;0;0;0;0;0;0;0;0;0;0;0;0;Bergsvik_2002
Vestland;Bremanger;B134739;1995;Settlement;Glofoeyk_28_Fase_4-5;MNB;0;0;0;0;0;0;0;0;0;0;1;0;0;0;1;0;0;0;0;0;0;0;0;0;1;0;0;0;0;0;0;0;0;0;0;0;0;0;0;0;0;0;Bergsvik_2002
Vestland;Bremanger;;1995;Settlement;Klubben 79;F4;1;0;0;0;0;0;0;0;0;0;0;0;0;0;0;0;0;0;0;0;0;0;0;0;0;0;0;0;0;0;0;0;0;0;0;0;0;0;0;0;0;0;Bergsvik_2002
Vestland;Hoeyanger;B13350;;Grave;Osland;N;0;0;0;0;0;0;0;0;0;0;0;0;0;0;0;0;0;0;0;0;0;0;0;0;1;0;0;0;0;0;0;0;0;0;0;0;0;0;0;0;0;0;Oestmo_2011
Vestland;Laerdal;B17307;2014;Settlement;Eldrevatn_II;EN;0;0;1;0;0;0;0;0;0;0;0;0;0;0;0;0;0;0;0;0;0;0;0;0;0;0;0;0;0;0;0;0;0;0;0;0;0;0;0;0;0;0;Roegenes_and_aastveit_2015
Vestland;Aardal;B12523;1984;Settlement;Skrivarhelleren_VI-VII;LN;0;0;0;0;0;0;1;0;0;0;0;0;0;0;1;0;0;0;0;0;0;0;0;0;1;0;0;0;0;0;0;0;0;0;0;1;0;1;0;1;0;0;Prescott_1991,_Soerensen_2014:31
Vestland;Solund;B11671;1964;Settlement;Groenehelleren_Fase_I-II;N;0;0;1;0;0;0;0;0;0;0;1;1;0;1;1;0;0;0;0;0;0;0;0;1;1;0;0;0;1;0;0;0;0;0;0;1;0;0;0;0;0;0;Jansen_1972
Vestland;Solund;B11671;1964;Settlement;Groenehelleren_Fase_III;N;0;0;0;0;0;0;1;0;0;0;0;0;0;0;0;0;0;0;0;0;0;0;0;0;0;0;0;0;0;0;0;0;0;0;0;0;0;0;0;0;0;0;Jansen_1972
Vestland;Boemlo;B15180;1993;Grave;Kjoettvika_13;LN;0;0;0;0;0;0;1;0;0;0;0;0;0;0;0;0;0;0;0;0;0;0;0;0;1;0;0;0;0;0;0;0;0;0;1;0;0;0;0;0;0;0;Kristoffersen_and_Warren_2001
Vestland;Boemlo;B15201;1993;Settlement;Kjoettvika_37;N;0;0;0;0;0;0;1;0;0;0;0;0;0;0;0;0;0;0;0;0;0;0;0;0;0;0;0;0;0;0;0;0;0;0;0;0;0;0;0;0;0;0;Kristoffersen_and_Warren_2001
Vestland;Boemlo;B15217;1993;Settlement;Kjoettvika_60;N;1;0;0;0;0;0;0;0;0;0;0;0;0;0;0;0;0;0;0;0;0;0;0;0;0;0;0;0;0;0;0;0;0;0;0;0;0;0;0;0;0;0;Kristoffersen_and_Warren_2001
Vestland;Boemlo;B15199;1993;Grave;Kobbavaagen_32;N;0;0;1;1;0;0;0;0;0;0;0;0;0;0;0;0;0;0;0;0;0;0;0;0;1;0;0;0;0;0;0;0;0;0;1;0;0;0;0;0;0;0;Kristoffersen_and_Warren_2001
Vestland;Boemlo;B15256;1993;Settlement;Kobbavaagen_103;MNB;0;0;0;0;0;0;0;0;0;0;1;0;0;0;0;0;1;0;0;0;0;0;0;0;0;0;0;0;0;0;0;0;0;0;0;0;0;0;0;0;0;0;Kristoffersen_and_Warren_2001
Vestland;Boemlo;B15188;1993;Settlement;Litla_Skiftesvika_112;N;0;0;0;0;0;0;1;0;0;0;0;0;0;0;0;0;0;0;0;0;0;0;0;0;0;0;0;0;0;0;0;0;0;0;0;0;0;0;0;0;0;0;Kristoffersen_and_Warren_2001
Vestland;Radoey;B11450,_B11511;1961;Settlement;Ramsvikneset_bunnlag;EN;1;0;0;0;0;0;0;0;0;0;0;0;0;0;0;0;0;0;0;0;0;0;1;0;0;0;0;0;0;0;0;0;0;0;0;0;0;0;0;0;0;0;Bakka_1964,_1993
Vestland;Radoey;B11450,_B11511;1961;Settlement;Ramsvikneset;N;0;0;1;1;1;0;0;0;0;0;1;1;1;1;1;0;1;0;0;0;0;0;0;1;1;0;0;0;0;1;0;0;0;0;1;1;0;0;0;0;0;1;Bakka_1964,_1993,_Skjoelsvold_1977:228,244
Vestland;Radoey;B11450,_B11511;1961;Settlement;Ramsvikneset_top-soil;LN;0;0;0;0;0;0;1;0;0;0;0;1;0;0;0;0;0;0;0;0;0;0;0;0;0;0;0;0;0;0;0;0;0;0;1;0;0;0;0;0;0;1;Bakka_1964,_1993
Vestland;Radoey;B11512;1962;Settlement;Groendalen;N;0;0;1;0;0;0;1;0;0;0;1;1;0;1;1;0;0;0;0;0;0;0;0;0;1;0;0;0;0;0;0;0;0;0;1;0;0;0;0;0;0;1;Unpublished
Vestland;Radoey;B14500,_B14505;1985;Settlement;Kotedalen_phase_10;F4;1;0;0;0;0;0;0;0;0;0;0;0;0;0;0;0;0;1;0;0;0;0;0;0;0;0;0;0;0;0;0;0;0;0;0;0;0;0;0;0;0;0;Olsen_1992
Vestland;Radoey;B14500,_B14505;1985;Settlement;Kotedalen_phase_11;F4;0;0;1;0;0;0;0;0;0;0;0;0;0;0;0;0;0;1;0;0;0;0;0;0;0;0;0;0;0;0;0;0;0;0;0;0;0;0;0;0;0;0;Olsen_1992
Vestland;Radoey;B14500,_B14505;1985;Settlement;Kotedalen_phase_12;EN;0;0;1;0;0;0;0;0;0;0;1;0;0;0;0;0;1;0;1;0;0;1;0;1;0;0;0;0;0;0;0;0;0;0;0;0;0;0;0;0;0;0;Olsen_1992
Vestland;Radoey;B14500,_B14505;1985;Settlement;Kotedalen_phase_13;EN;0;0;1;1;0;0;0;0;0;0;1;0;0;0;0;0;1;0;1;0;0;0;0;0;0;0;0;0;0;0;0;0;0;0;0;0;0;0;0;0;0;0;Olsen_1992
Vestland;Radoey;B14500,_B14505;1985;Settlement;Kotedalen_phase_14;MNA;0;0;1;0;0;0;0;0;0;0;1;0;0;0;0;0;1;1;1;0;0;0;0;1;1;0;0;0;0;0;0;0;0;0;0;0;0;0;0;0;0;0;Olsen_1992
Vestland;Radoey;B14500,_B14505;1985;Settlement;Kotedalen_phase_15;MNA;0;0;1;0;0;0;0;0;0;0;1;0;1;0;0;0;0;0;0;0;0;0;0;1;1;0;0;0;0;0;0;0;0;0;0;1;0;0;0;0;0;1;Olsen_1992
Vestland;Radoey;B14500,_B14505;1985;Settlement;Kotedalen_phase_16;MNB;0;0;1;0;0;0;0;0;0;0;1;0;0;0;0;0;0;0;0;0;0;0;0;1;1;0;0;0;0;0;0;0;0;0;0;0;0;0;0;0;0;0;Olsen_1992
Vestland;Radoey;B11259,_B11420,_B11449;;Settlement;Ytsteboe;N;0;0;1;0;0;0;0;0;0;0;1;0;1;1;1;0;1;0;0;0;0;0;0;1;1;0;0;0;0;0;0;0;0;0;0;0;0;0;0;0;0;0;Bakka_1993
Vestland;Vaksdal;B8600;1931;Settlement;Skipshelleren_Lag_4-5;N;0;0;1;0;0;0;1;0;0;0;1;1;0;0;1;0;1;0;0;0;0;0;0;0;1;0;0;0;0;0;0;0;0;0;1;1;0;0;0;0;0;0;Boee_1934
Vestland;Oeygarden;B14629;1990;Settlement;Hidlaren_18;MNB;0;0;0;0;0;0;1;0;0;0;0;0;0;0;1;0;0;0;0;0;0;0;0;0;0;0;0;0;0;0;0;0;0;0;0;0;0;0;0;0;0;0;Naeroey_1994a
Vestland;Oeygarden;B14627;1990;Settlement;Budalen_16;N;0;0;1;0;0;0;0;0;0;0;1;0;0;1;1;0;0;0;0;0;0;0;0;0;0;0;0;0;0;0;0;0;0;0;0;0;0;0;0;0;0;0;Naeroey_1994a
Vestland;Oeygarden;B14628;1990;Settlement;Budalen_17;LN;0;0;1;0;0;0;1;0;0;0;1;0;0;0;0;0;0;0;0;0;0;0;0;1;1;0;0;0;0;0;0;0;0;0;0;0;0;0;0;0;0;0;Naeroey_1994a
Vestland;Oeygarden;B14764;1990;Settlement;Budalen_30;N;0;0;0;0;0;0;0;0;0;0;1;0;0;0;1;0;0;0;0;0;0;0;0;0;1;0;0;0;0;0;0;0;0;0;0;0;0;0;0;0;0;0;Naeroey_1994a
Vestland;Oeygarden;B14765;1990;Settlement;Budalen_31;N;0;0;0;0;0;0;1;0;0;0;1;0;0;0;0;0;0;0;0;0;0;0;0;0;0;0;0;0;0;0;0;0;0;0;0;0;0;0;0;0;0;0;Naeroey_1994a
Vestland;Oeygarden;B6832;1919;Settlement;Kverneviken 3;N;0;0;1;0;0;0;0;0;0;0;0;0;0;0;0;0;0;1;0;0;0;1;1;0;0;0;0;0;0;0;0;0;0;0;0;0;0;0;0;0;0;0;Bakka_1993
Vestland;Oeygarden;B13754,_B14200;1984;Settlement;Torsteinsvik_Lag_1-2;MNB;0;0;1;0;0;0;0;0;0;0;1;0;0;0;0;0;0;0;0;0;0;0;0;1;1;0;0;0;0;0;0;0;0;0;0;0;0;0;0;0;0;1;Bjerck_1984
Vestland;Oeygarden;B14300;1989;Settlement;Sture_2_PhaseD;F4;0;0;1;0;0;0;0;0;0;0;0;0;0;0;0;0;0;1;0;0;0;1;0;0;0;0;0;0;0;0;0;0;0;0;0;0;0;0;0;0;0;0;Naeroey_1994a
Vestland;Oeygarden;B14300;1989;Settlement;Sture_2_PhaseC;EN;0;0;1;0;0;0;0;0;0;0;0;0;0;0;0;0;1;1;0;0;0;0;0;1;0;0;0;0;0;0;0;0;0;0;0;0;0;0;0;0;0;0;Naeroey_1994a
Vestland;Oeygarden;B14300;1989;Settlement;Sture_2_LN;LN;0;0;0;0;0;0;1;0;0;0;0;0;0;0;0;0;0;0;0;0;0;0;0;0;0;0;0;0;0;0;0;0;0;0;0;0;0;0;0;0;0;1;Naeroey_1989
Vestland;Oeygarden;B13501;1983;Settlement;Svelgen_1;MNA;1;0;1;0;0;0;0;0;0;0;1;1;0;0;1;0;1;0;0;0;0;0;0;1;1;0;0;0;0;0;0;0;0;0;1;0;0;0;0;0;0;1;Bergsvik_1988
Vestland;Boemlo;B14380;1988;Settlement;Austvik_IV;MNB;0;0;1;0;0;0;0;0;0;0;1;0;0;0;1;0;0;0;0;0;0;0;0;1;0;0;0;0;0;0;0;0;0;0;1;0;0;0;0;0;0;0;Kristoffersen_1990
Vestland;Eidfjord;B13575;1939;Settlement;Austbu/Vestbu;N;1;1;1;1;1;0;1;0;0;0;1;0;0;1;1;0;0;0;0;0;0;0;0;0;0;0;0;1;0;0;0;0;0;0;0;0;0;0;0;0;0;0;Boee_1942
Vestland;Eidfjord;B12263;;Settlement;Finnsbergvatn_760;EN;1;1;1;0;0;0;0;0;0;0;0;0;0;0;0;0;0;0;0;0;0;0;0;0;0;0;0;0;0;0;0;0;0;0;0;0;0;0;0;0;0;0;Indrelid_1994
Vestland;Eidfjord;B12304;1973;Settlement;Finnsbergvatn_761;N;0;0;1;0;0;0;1;0;0;0;1;1;0;1;1;0;0;0;0;0;0;0;0;0;0;0;0;0;0;0;0;0;0;0;1;0;0;0;0;0;0;0;Indrelid_1994
Vestland;Eidfjord;B12305;1973;Settlement;Finnsbergvatn_762;LN;0;0;0;0;0;0;1;0;0;0;1;0;0;0;0;0;0;0;0;0;0;0;0;0;0;0;0;0;0;0;0;0;0;0;0;0;0;0;0;0;0;0;Indrelid_1994
Vestland;Eidfjord;B12303,_B13010;1973;Settlement;Finnsbergvatn_763;N;0;0;1;0;0;0;0;0;0;0;0;0;0;0;1;0;0;0;0;0;0;0;0;0;0;0;0;0;0;0;0;0;0;0;0;0;0;0;0;0;0;0;Indrelid_1994
Vestland;Fjell;B14571;1992;Settlement;Nilsvika_4;N;0;0;1;1;1;0;0;0;0;0;1;1;1;1;1;0;1;0;0;0;0;0;0;1;1;0;0;0;0;0;0;0;0;0;1;0;0;0;0;0;0;0;Kristoffersen_1995
Vestland;Sund;B10882;;Settlement;Nesvikja_I;N;0;0;1;0;0;0;0;0;0;0;0;0;0;0;0;0;0;0;0;0;0;0;0;0;0;0;0;0;0;0;0;0;0;0;0;0;0;0;0;0;0;0;Unpublished
Vestland;Sund;B10883;;Settlement;Nesvikja_II;MNB;0;0;1;0;0;0;0;0;0;0;0;0;0;1;1;0;1;0;0;0;0;0;0;0;1;0;0;0;0;0;0;0;0;0;1;0;0;0;0;0;0;0;Unpublished
Vestland;Sund;B17005;2013;Settlement;Porsvika_lok._8;N;0;0;1;1;0;0;1;0;0;0;1;0;0;0;1;0;0;0;0;0;0;0;0;1;1;0;1;0;0;0;0;0;0;0;0;0;0;0;0;0;0;1;Toessebro_and_aastveit_2014
Vestland;Sund;B17006;2013;Settlement;Porsvika_lok._9;N;0;0;1;0;0;0;1;0;0;0;0;0;0;0;0;0;1;0;0;0;0;0;0;1;1;0;1;0;0;0;0;0;0;0;1;0;0;0;0;1;0;0;Toessebro_and_aastveit_2014
Vestland;Ullensvang;B12255;1972;Settlement;Vivatn_618;N;0;0;0;0;0;0;0;0;0;0;1;0;0;1;0;0;0;0;0;0;0;0;0;0;0;0;0;0;0;0;0;0;0;0;1;0;0;0;0;0;0;0;Indrelid_1994
Vestland;Ullensvang;B12256,_B13015;1972;Settlement;Vivatn_634;N;0;0;0;1;0;0;0;0;0;0;1;0;0;0;1;0;0;0;0;0;0;0;0;0;0;0;0;0;0;0;0;0;0;0;0;0;0;0;0;0;0;0;Indrelid_1994
Vestland;Meland;B12885;1975;Settlement;Flatoey_11;N;0;0;1;0;0;0;1;0;0;0;0;0;0;0;0;0;0;0;0;0;0;0;0;0;0;0;0;0;0;0;0;0;0;0;0;0;0;0;0;0;0;0;Naeroey_1994a
Vestland;Meland;B12887;1975;Settlement;Flatoey_12;F3;0;0;0;0;0;0;0;0;0;0;0;0;0;0;0;0;0;0;0;0;0;1;0;0;0;0;0;0;0;0;0;0;0;0;0;0;0;0;0;0;0;0;Naeroey_1994a
Vestland;Meland;B12888;1975;Settlement;Flatoey_13;EN;0;0;1;0;0;0;0;0;0;0;0;0;0;0;0;0;1;0;0;0;0;0;0;0;1;0;0;0;0;0;0;0;0;0;0;0;0;0;0;0;0;0;Naeroey_1994a
Vestland;Stord;B15241;1993;Settlement;Arahaugen_88;EN;0;1;1;0;0;0;0;0;0;0;1;0;0;0;0;0;1;0;0;0;0;0;0;1;1;0;0;0;0;0;0;0;0;0;0;0;0;0;0;0;0;0;Kristoffersen_and_Warren_2001
Vestland;Stord;B15393;1993;Settlement;Breiavikjo_134;N;0;0;0;0;0;0;1;0;0;0;0;0;0;0;0;0;0;0;0;0;0;0;0;0;0;0;0;0;0;0;0;0;0;0;0;0;0;0;0;0;0;0;Kristoffersen_and_Warren_2001
Vestland;Stord;B15210;1993;Settlement;Grovikjamyro_49;N;0;0;1;0;0;0;0;0;0;0;0;0;0;0;0;0;1;1;0;0;0;1;0;0;1;0;0;0;0;0;0;0;0;0;0;0;0;0;0;0;0;0;Kristoffersen_and_Warren_2001
Vestland;Stord;B15205;1993;Settlement;Hillersvika_43;N;1;0;1;0;1;0;0;0;0;0;0;0;0;0;0;0;0;0;0;0;0;0;0;0;0;0;0;0;0;0;0;0;0;0;0;0;0;0;0;0;0;0;Kristoffersen_and_Warren_2001
Vestland;Stord;B15218;1993;Grave;Jensavikedalen_39;N;0;0;1;0;0;0;0;0;0;0;0;0;0;0;0;0;0;1;0;0;0;0;0;0;0;0;0;0;0;0;0;0;0;0;0;0;0;0;0;0;0;0;Kristoffersen_and_Warren_2001
Vestland;Stord;B15395;1993;Settlement;Jensavikedalen_138;N;0;0;1;0;0;0;0;0;0;0;0;0;0;0;0;0;0;0;0;0;0;0;0;0;0;0;0;0;0;0;0;0;0;0;0;0;0;0;0;0;0;0;Kristoffersen_and_Warren_2001
Vestland;Stord;B15211;1993;Settlement;Nautoeysundet_50;N;0;0;0;0;0;0;1;0;0;0;0;0;0;0;0;0;0;0;0;0;0;0;0;0;0;0;0;0;0;0;0;0;0;0;0;0;0;0;0;0;0;0;Kristoffersen_and_Warren_2001
Vestland;Stord;B15214;1993;Settlement;Nautoeysundet_55;N;0;0;1;1;0;0;0;0;0;0;0;0;0;0;0;0;1;0;1;0;0;0;0;0;1;0;0;0;0;0;0;0;0;0;0;0;0;0;0;0;0;0;Kristoffersen_and_Warren_2001
Vestland;Stord;B15289;1993;Settlement;Nautoeysundet_113;MNB;0;0;0;0;0;0;0;0;0;0;0;0;0;0;1;0;0;0;0;0;0;0;0;0;0;0;0;0;0;0;0;0;0;0;0;0;0;0;0;0;0;0;Kristoffersen_and_Warren_2001
Vestland;Stord;B15288;1993;Settlement;Nautoeysundet_115;MNA;0;0;1;0;0;0;0;0;0;0;0;0;0;0;0;0;0;0;0;0;0;1;0;1;1;0;0;0;0;0;0;0;0;0;0;0;0;0;0;0;0;0;Kristoffersen_and_Warren_2001
Vestland;Sveio;B7417;1921;Settlement;Nappen_I;N;0;0;1;0;0;0;1;0;0;0;1;0;0;1;1;0;1;0;0;0;0;0;0;0;0;0;0;0;0;0;0;0;0;0;0;0;0;0;0;0;0;0;Boee_1923
Vestland;Sveio;B7417;1921;Settlement;Nappen_II;N;0;0;1;0;0;0;0;0;0;0;0;0;0;1;1;0;1;0;0;0;0;0;0;1;1;0;0;0;0;0;0;0;0;0;0;0;0;0;0;0;0;0;Boee_1923
Rogaland;Bjerkreim;S10852;1983;Settlement;Hegelestad;N;1;0;0;0;0;0;0;0;0;0;0;0;0;0;0;0;0;0;0;0;0;0;0;0;0;0;0;0;0;0;0;0;0;0;0;0;0;0;0;0;0;0;Floor_1983
Rogaland;Forsand;S9943;1979;Settlement;Haaheller;LN;0;0;0;0;0;0;1;0;1;0;0;0;0;0;0;0;0;0;0;0;0;0;0;0;0;0;0;0;0;0;0;0;0;0;0;0;0;0;0;0;0;0;Bang-Andersen_1984
Rogaland;Haugesund;S13254;2014;Settlement;Sakkastad_Tuft;F4;1;0;1;0;0;0;0;0;0;0;0;0;0;0;0;0;1;1;1;0;0;0;0;0;0;0;0;0;0;0;0;0;0;0;0;0;0;0;0;0;0;0;Reiersen_2015
Rogaland;Hjelmeland;S6786;1940;Settlement;Bonshidleren;N;0;0;0;0;0;0;0;0;0;0;0;0;0;0;0;0;0;0;0;0;0;0;0;0;0;0;0;0;0;0;0;0;0;0;0;1;0;0;0;0;0;1;Unpublished
Rogaland;Karmoey;S12170,_S12207;2004;Settlement;Botten_I;N;0;0;0;0;0;0;1;0;0;0;0;0;0;0;0;0;0;0;0;0;0;0;0;0;1;0;0;0;0;0;0;0;0;0;0;0;0;0;0;0;0;0;Skjelstad_et_al._2011
Rogaland;Karmoey;S12171,_S12208;2004;Settlement;Fosnaneset_1a;N;0;0;1;0;0;0;1;0;0;0;0;0;0;0;0;0;1;0;0;0;0;0;0;0;0;0;0;0;0;0;0;0;0;0;0;0;0;0;0;0;0;0;Skjelstad_et_al._2011
Rogaland;Karmoey;S12172,_S12209;2004;Settlement;Fosnaneset_1b;N;0;0;1;0;0;0;0;0;0;0;0;0;0;0;0;0;0;0;0;0;0;0;0;0;0;0;0;0;0;0;0;0;0;0;0;0;0;0;0;0;0;0;Skjelstad_et_al._2011
Rogaland;Karmoey;S12206;2004;Settlement;Hellevik 3b;F4;0;0;0;0;0;0;0;0;0;0;0;0;0;0;0;0;0;1;0;0;0;1;0;0;0;0;0;0;0;0;0;0;0;0;0;0;0;0;0;0;0;0;Skjelstad_et_al._2011
Rogaland;Karmoey;S12792;2011;Settlement;Helganes_phase_3_4;MNB;0;0;1;1;0;0;0;0;0;0;1;0;1;0;0;0;0;0;0;0;0;0;0;1;1;0;0;0;0;0;0;0;0;0;1;0;0;0;0;0;0;1;Solberg_2015
Rogaland;Karmoey;S12792;2011;Settlement;Helganes_phase_4;MNB;0;0;1;1;0;0;0;0;0;0;0;0;0;0;0;0;0;0;0;0;0;0;0;1;0;0;0;0;0;0;0;0;0;0;0;0;0;0;0;0;0;1;Solberg_2015
Rogaland;Karmoey;S12792;2011;Settlement;Helganes_phase_5;LN;0;0;1;1;1;0;0;0;0;0;1;1;0;1;0;0;0;0;0;0;0;0;0;1;1;0;0;0;0;0;0;0;0;0;1;0;0;0;0;0;0;1;Solberg_2015
Rogaland;Karmoey;;1963;Settlement;Haavik_N;F4;1;0;1;0;0;0;0;0;0;0;0;0;0;0;0;0;0;0;0;0;0;0;0;0;0;0;0;0;0;0;0;0;0;0;0;0;0;0;0;0;0;0;Nygaard_1973
Rogaland;Karmoey;S9281;1963;Settlement;Haavik_M;N;1;1;1;0;0;0;0;0;0;0;0;0;0;0;0;0;0;0;0;0;0;0;0;0;0;0;0;0;0;0;0;0;0;0;0;0;0;0;0;0;0;0;Nygaard_1973
Rogaland;Karmoey;S9280;1963;Settlement;Haavik_T;EN;0;0;1;0;0;0;0;0;0;0;0;0;0;0;0;0;1;0;0;0;0;0;0;1;0;0;0;0;0;0;0;0;0;0;0;0;0;0;0;0;0;0;Nygaard_1973
Rogaland;Randaberg;S10111;1977;Settlement;Logavik;MNB;0;0;1;1;0;0;0;0;1;0;1;0;0;0;0;0;0;0;0;0;0;0;0;1;1;1;0;0;0;0;0;0;0;0;1;0;0;0;0;0;0;1;Loeken_1977,_Oestmo_2008,_Solberg_2015:89
Rogaland;Sola;;2013;Settlement;Soemmvaagen_7;N;1;0;1;0;0;0;0;0;0;0;0;0;0;0;0;0;1;0;0;0;0;0;0;1;0;0;0;0;0;0;0;0;0;0;0;1;0;0;0;0;0;0;Meling_2016
Rogaland;Sola;;2013;Settlement;Soemmvaagen_9;F4;1;1;1;0;0;0;0;0;0;0;0;0;0;0;0;0;0;0;0;0;0;0;0;0;0;0;0;0;0;0;0;0;0;0;0;0;0;0;0;0;0;0;Fyllingen_2016
Rogaland;Stavanger;S10301;1987;Settlement;Austboe_4;N;1;0;1;0;0;0;0;0;0;0;0;0;0;0;1;0;0;0;0;0;0;0;0;0;0;0;0;0;0;0;0;0;0;0;0;0;0;0;0;0;0;0;Juhl_2001
Rogaland;Stavanger;S10306;1987;Settlement;Austboe_12AB;N;1;0;1;1;1;0;0;0;0;0;1;0;0;0;1;0;0;0;0;0;0;0;0;1;1;0;1;0;0;0;0;0;0;0;0;0;0;0;0;0;0;1;Juhl_2001
Rogaland;Stavanger;S11449;1995;Settlement;Boganes_1;N;1;1;1;0;0;0;1;0;0;0;0;0;0;0;0;0;1;1;0;0;0;0;0;0;0;0;0;0;0;0;0;0;0;0;0;0;0;0;0;0;0;0;Unpublished
Rogaland;Klepp;S2925,_S3102,_S3103,_S3104,_S3105,_S3106,_S3107,_S3108,_S3301,_S3381,_S3609,_S3613,_S3617,_S3693;1905;Settlement;Gaasen;N;0;0;1;0;0;0;1;0;0;0;0;0;0;1;0;0;0;1;0;1;0;0;0;1;0;0;0;0;0;0;0;0;0;0;0;1;0;0;0;1;0;0;"Gjessing_1914;_1920"
Rogaland;Klepp;S9416;1898;Settlement;Holeheia;MNA;0;0;1;0;0;0;1;0;0;0;0;0;0;0;0;0;0;0;0;0;0;0;0;1;1;0;0;0;0;0;0;0;0;0;0;0;0;0;0;0;0;1;Gustafsson_1899,_Gjessing_1920:101-110,_Skjoelsvold_1977:241
Rogaland;Klepp;S3307;1906;Settlement;Stangelandshellesen;MNA;0;0;1;0;0;0;1;0;0;0;0;0;0;0;0;0;1;0;0;0;0;0;0;0;1;0;0;0;0;0;0;0;0;0;0;0;0;0;0;0;0;1;Gjessing_1920
Rogaland;Kvitsoey;;;Settlement;Kvitsoey_lok_3;N;0;0;0;0;0;0;1;0;0;0;0;0;0;0;0;0;0;0;0;0;0;0;0;0;0;0;0;0;0;0;0;0;0;0;1;0;0;0;0;0;0;0;Pedersen_2018
Rogaland;Ogna;;1959;Settlement;Lego;N;0;0;1;0;0;0;1;0;0;0;1;1;0;0;0;0;0;0;0;0;0;0;0;0;0;0;0;0;0;0;0;0;0;0;0;0;0;0;0;0;0;1;Skjoelsvold_1977:239,_1980,_Amundsen_2000:37
Rogaland;Ogna;;1963;Settlement;Slettaboe;N;0;0;1;1;1;0;1;0;0;0;1;0;0;0;0;0;1;0;0;0;0;0;0;1;1;0;0;0;0;0;0;0;0;0;1;1;0;0;0;0;0;1;Skjoelsvold_1977,_Gloerstad_1996
Rogaland;Ogna;S4719;;Settlement;Haver;N;0;0;1;1;1;0;0;0;0;0;1;0;0;0;0;0;0;0;0;0;0;0;0;0;0;0;0;0;0;0;0;0;0;0;0;0;0;0;0;0;0;0;Unpublished
Rogaland;Eigeroey;S9604;1971;Settlement;R20_Gjedlestadvika;N;0;0;1;0;0;0;1;0;0;0;1;0;0;0;1;0;1;0;0;0;0;0;0;0;1;0;0;0;0;0;0;0;0;0;1;0;0;0;0;0;0;1;Bang-Andersen_1974,_1981,_Skjoelsvold_1977:228,237
Rogaland;Haa;;1978;Settlement;Rugland;N;0;0;0;0;0;0;1;0;0;0;0;0;0;0;0;0;0;0;0;0;0;0;0;0;0;0;0;0;0;0;0;0;0;0;0;1;0;0;0;0;0;0;Lindblom_1982
Rogaland;Sola;S3325;1909;Settlement;Gaasehelleren;N;0;0;1;0;0;0;0;0;0;0;0;0;0;0;0;0;0;0;0;0;0;0;0;0;0;0;0;0;0;0;0;0;0;0;0;1;0;0;0;0;0;0;Unpublished
Rogaland;Sola;S13660;;Settlement;Tjora;N;1;1;1;0;0;0;1;0;0;0;0;0;0;0;0;0;1;1;0;0;0;0;0;0;0;0;0;0;0;0;0;0;0;0;0;0;0;0;0;0;0;0;Unpublished
Rogaland;Sola;S13520;2015;Settlement;Oelberveien_1;N;1;1;0;0;0;0;0;0;0;0;0;0;0;0;0;0;0;1;0;0;0;1;0;0;0;0;0;0;0;0;0;0;0;0;0;0;0;0;0;0;0;0;Unpublished
Rogaland;Time;S10212;1979;Settlement;Hognestad;N;1;0;1;0;0;0;0;0;0;0;0;0;0;0;0;0;1;1;0;0;0;0;0;0;0;0;0;0;0;0;0;0;0;0;0;0;0;0;0;0;0;0;Unpublished
Rogaland;Tysvaer;S10483;1992;Settlement;Dalen;N;0;0;1;0;0;0;0;0;0;0;0;0;0;0;0;0;0;0;0;0;0;0;0;0;0;0;0;0;0;1;0;0;0;0;0;0;0;0;0;0;0;0;Unpublished
Agder;Farsund;C52894;1999;Settlement;Arctanderjordet_Hus_1;N;0;0;0;0;0;0;0;0;0;0;0;0;0;0;0;0;0;0;0;0;0;0;0;0;1;0;0;0;0;0;0;0;0;0;0;0;0;0;0;0;0;0;Grimsrud_1999,_Valum_2011
Agder;Farsund;C39069;1992;Settlement;Engoey_R2;N;0;0;1;1;0;0;1;0;0;0;1;0;0;0;0;0;0;0;0;0;0;0;0;0;0;0;0;0;0;0;0;0;0;0;1;0;0;0;0;0;0;0;Kilhavn_2013
Agder;Farsund;C39068;1992;Settlement;Engoey_R3;N;0;0;1;1;0;0;1;0;0;0;1;0;0;0;0;0;0;0;0;0;0;0;0;0;0;0;0;0;0;0;0;0;0;0;1;0;0;0;0;0;0;0;Kilhavn_2013
Agder;Farsund;C54184;2005;Settlement;Groennslettvika;N;0;0;1;1;0;0;1;0;0;0;1;0;0;0;0;0;1;0;0;0;0;0;0;0;0;0;0;1;0;0;0;0;0;0;1;0;0;0;0;0;0;1;Melvold_2015
Agder;Farsund;C59837;2011;Settlement;Kloppan;N;0;0;1;0;0;0;0;0;0;0;0;0;0;0;0;0;0;0;0;0;0;0;0;0;0;0;0;0;0;0;0;0;0;0;0;0;0;0;0;0;0;0;Saether_2012
Agder;Farsund;C38006;1992;Settlement;Lundevaagen_R3;N;0;0;1;1;1;0;1;0;0;0;0;0;0;0;0;0;1;0;0;0;0;0;0;0;0;0;0;1;0;0;0;0;0;0;1;0;0;0;0;0;0;1;Ballin_and_Jensen_1995
Agder;Farsund;C38018;1992;Settlement;Lundevaagen_R18;N;0;0;1;0;0;0;0;0;0;0;0;0;0;0;0;0;1;0;0;0;0;0;0;0;0;0;1;1;0;0;0;0;0;0;0;0;0;0;0;0;0;0;Ballin_and_Jensen_1995
Agder;Farsund;C38033;1992;Settlement;Lundevaagen_R35;N;0;0;0;0;0;0;1;0;0;0;0;0;0;0;0;0;0;0;0;0;0;0;0;0;0;0;0;0;0;0;0;0;0;0;0;0;0;0;0;0;0;0;Ballin_and_Jensen_1995
Agder;Farsund;C39148;1987;Settlement;Svinehagen;N;0;0;1;1;1;0;1;0;0;0;0;0;0;0;0;0;0;0;0;0;0;0;0;0;0;0;0;0;0;0;0;0;0;0;0;0;0;0;0;0;0;0;Nybruget_1987
Agder;Farsund;B3253;;Settlement;Naesheim;N;0;0;1;1;1;0;1;0;0;0;0;0;0;0;0;0;1;0;0;0;0;0;0;0;0;0;0;0;0;0;0;0;0;0;0;0;0;0;0;0;0;0;Unpublished
Agder;Kvinesdal;C34368,_C39208;;Settlement;Feda;N;0;0;0;0;0;0;1;0;0;0;0;0;0;0;1;0;0;0;0;0;0;0;0;0;0;0;0;0;0;0;0;0;0;0;0;0;0;0;0;0;0;1;Kilhavn_2013
Agder;Lyngdal;C37569;1990;Settlement;Myrveien;N;0;0;1;1;0;0;1;0;0;0;0;0;0;0;1;0;0;0;0;0;0;0;0;0;1;0;0;0;0;0;0;0;0;0;0;0;0;0;0;0;0;1;Simonsen_1990
Agder;Lyngdal;C58374;2012;Settlement;Skomrak;MNB;1;1;1;1;0;0;0;0;0;0;0;0;0;0;0;0;1;0;0;0;0;0;0;1;0;0;0;0;0;0;0;0;0;0;1;0;1;0;0;0;0;1;Bjoerkli_and_Mjaerum_2016
Agder;Lyngdal;C58374;2012;Settlement;Skomrak_pit_house;N;0;0;0;0;0;0;0;0;0;0;0;0;0;0;0;0;0;0;0;0;0;0;1;0;0;0;0;0;0;0;0;0;0;0;0;0;0;0;0;0;0;0;Bjoerkli_and_Mjaerum_2016
Agder;Mandal;ID170375;;Settlement;Ime;N;0;0;1;0;0;0;0;0;0;0;0;0;0;0;0;0;0;0;0;0;0;0;0;0;0;0;0;0;0;0;0;0;0;0;0;0;0;0;0;0;0;0;Unpublished
Agder;Mandal;C8893,_C8896;;Settlement;Kanten;N;0;0;0;0;0;0;0;0;0;0;1;0;1;0;0;0;0;0;0;0;0;0;0;0;0;0;0;0;0;0;0;0;0;0;0;0;0;0;0;0;0;0;Unpublished
Agder;Mandal;C21385;;Settlement;Skogsoey;N;0;0;1;0;1;0;1;0;0;0;0;0;0;0;0;0;0;0;0;0;0;0;0;0;0;0;0;0;0;0;0;0;0;0;1;0;0;0;0;0;0;0;Kilhavn_2013
Agder;Mandal;C60345;2016;Settlement;Stroemsvika;N;0;0;1;0;1;0;0;0;0;0;0;0;0;0;1;0;1;1;0;0;0;1;0;0;0;0;0;0;0;0;0;0;0;0;1;0;0;0;0;0;0;0;Nielsen_2017
Agder;Kristiansand;C36763;1986;Settlement;Eg;N;0;0;1;1;0;0;1;0;0;0;1;0;0;0;1;0;1;0;0;0;0;0;0;0;0;0;1;0;0;0;0;0;0;0;1;0;0;0;0;0;0;1;Nybruget_1986,_Amundsen_2000
Agder;Kristiansand;C27704,_C28291,_C25804;1947;Grave;Oddernes;N;0;0;0;0;1;0;0;0;0;0;1;0;0;0;0;0;0;0;0;0;0;0;0;0;0;0;1;0;1;0;0;0;0;0;0;0;0;0;0;0;0;1;Hinsch_1947,_1956,_Ingstad_1965
Agder;Kristiansand;C20703;;Settlement;Flekkeroeya;N;0;0;0;0;0;0;0;0;0;0;0;0;0;0;0;0;0;0;0;0;0;0;0;0;1;0;1;0;0;0;0;0;0;0;0;0;0;0;0;0;0;0;Kilhavn_2013
Agder;Kristiansand;C22484;;Settlement;Ve;N;0;0;0;0;0;0;0;1;0;0;0;0;0;0;0;0;0;0;0;0;0;0;0;0;0;0;1;0;0;0;0;0;0;0;0;0;0;0;0;0;0;0;Kilhavn_2013
Agder;Kristiansand;C57711;2010;Settlement;Hamremoen;EN;0;1;1;0;0;0;0;0;0;0;0;0;0;0;1;0;0;0;0;0;0;0;0;0;0;0;0;0;0;0;0;0;0;0;0;0;0;0;0;0;0;1;Sundström_and_Darmark_2013
Agder;Soegne;C32064;;Settlement;Foere;N;0;0;1;0;0;0;1;0;1;0;0;0;0;0;0;0;0;0;0;0;0;0;0;0;1;0;0;0;0;0;0;0;0;1;1;0;0;0;0;0;0;0;Unpublished
Agder;Lillesand;C38602;1976;Settlement;Haestad;N;0;0;1;1;1;0;0;0;0;0;1;0;0;1;1;0;1;0;0;0;0;0;0;0;0;0;1;0;0;0;0;0;0;0;1;0;0;0;0;0;0;1;Skjoelsvold_1977,_Resi_2000
Agder;Lillesand;C30579;;Settlement;Vesterhus;N;0;0;0;0;1;0;0;0;0;0;0;0;0;0;0;0;0;0;0;0;0;0;0;0;0;0;0;0;0;0;0;0;0;0;0;0;0;0;0;0;0;0;Unpublished
Agder;Arendal;C30334,_C30335;;Settlement;Solkleiv;N;0;0;1;1;1;0;1;0;0;0;1;0;0;0;1;0;1;0;0;0;0;0;0;0;0;0;0;1;0;0;0;0;0;0;0;0;0;0;0;0;0;0;Unpublished
Agder;Arendal;C22176;1917;Settlement;Bota;N;0;0;1;0;0;0;0;0;0;0;1;0;0;0;0;0;0;0;0;0;0;0;0;0;0;0;0;0;0;0;0;0;0;0;1;0;0;0;0;0;0;1;Nummedal_and_Bjoern_1930
Agder;Arendal;C37117,_ID178931;2014;Settlement;Nedenes;N;0;0;1;1;0;0;0;0;0;0;0;0;0;0;1;0;1;0;0;0;0;0;0;0;0;0;0;0;0;0;0;0;0;0;0;0;0;0;0;0;0;0;Vihovde_2014
Agder;Arendal;C22180;1917;Settlement;Sletten;N;0;0;1;0;0;0;0;0;0;0;0;0;0;1;0;0;0;0;0;0;0;0;0;0;0;0;0;0;0;0;0;0;0;0;0;0;0;0;0;0;0;0;Nummedal_and_Bjoern_1930
Agder;Arendal;C57343;2009;Settlement;Tverdal;MNA;0;0;1;1;0;0;0;0;0;0;0;1;0;0;1;0;1;0;0;0;0;0;0;0;0;0;0;0;0;0;0;0;0;0;1;1;0;0;0;0;0;0;Berge_2017
Agder;Arendal;C26691,_C280290;1947;Settlement;Sundevik;N;0;0;1;0;1;0;0;0;0;0;0;0;0;0;1;0;1;0;0;0;0;0;0;0;0;0;0;0;0;0;0;0;0;0;1;0;0;0;0;0;1;0;Kilhavn_2013
Agder;Arendal;ID41431;;Settlement;Gjerstad;N;0;0;1;1;1;0;0;0;0;0;1;0;0;0;1;0;1;0;0;0;0;0;0;0;0;0;1;0;0;0;0;0;0;1;1;0;0;0;0;0;0;1;Unpublished
Agder;Arendal;C59683;2014;Settlement;Hesthag_C2;N;0;0;0;0;0;0;0;0;0;0;0;0;0;0;0;0;0;0;0;0;0;0;0;0;0;0;1;0;0;0;0;0;0;0;1;0;0;0;0;0;0;0;Viken_2017
Agder;Arendal;C59687;2016;Settlement;Hesthag_C6;LN;0;0;1;0;0;0;1;0;0;0;0;0;0;0;0;0;0;0;0;0;0;0;0;0;0;0;0;0;0;0;0;0;0;0;0;0;0;0;0;0;0;1;Reitan_2017
Agder;Arendal;ID170180;2013;Settlement;Hesthag_Lille;N;0;0;0;0;0;0;0;0;0;0;0;0;0;0;1;1;0;0;0;0;0;0;0;0;0;0;0;0;0;0;0;0;0;0;0;0;0;0;0;0;0;0;Eskeland_et_al_2014
Agder;Arendal;C59688;2014;Settlement;Kroegenes_D1;N;1;1;1;1;0;0;0;0;0;0;0;0;0;0;0;1;1;0;0;0;0;0;0;0;0;0;1;1;0;0;0;0;0;0;0;0;0;0;0;0;0;0;Reitan_and_Solberg_2018
Agder;Bygland;C58435;2012;Settlement;Froeirak;N;0;0;0;1;0;0;0;0;0;0;0;0;0;0;1;0;0;0;0;0;0;0;0;0;0;0;0;0;0;0;0;0;0;0;0;0;0;0;0;0;0;0;Russ_2014
Agder;Bygland;C32577;1968;Settlement;Groessae;N;0;0;1;0;0;0;0;0;0;0;0;0;0;0;0;0;1;0;0;0;0;0;0;0;0;0;0;0;0;0;0;0;0;0;0;0;0;0;0;0;0;0;Unpublished
Agder;Bygland;C38135;1985;Settlement;Vassendoeya_1;MNB;0;0;0;1;0;0;0;0;0;0;0;0;0;0;1;0;0;0;0;0;0;0;0;0;0;0;0;0;0;0;0;0;0;0;0;0;0;0;0;0;0;0;Oestmo_1989
Agder;Bygland;C38134;1985;Settlement;Vassendoeya_3B;MNB;0;0;1;0;0;0;0;0;0;0;1;0;0;0;1;0;0;0;0;0;0;0;0;0;0;0;0;0;0;0;0;0;0;0;0;0;0;0;0;0;0;1;Oestmo_1989
Agder;Bykle;C34803,_C35052;1977;Settlement;Lok_17S;MNB;0;0;0;1;1;0;0;0;0;0;1;0;0;0;1;0;0;0;0;0;0;0;0;0;0;0;0;0;0;0;0;0;0;0;0;0;0;0;0;0;0;0;Bang-Andersen_2008
Agder;Grimstad;C34589;1972;Settlement;Espevig;N;0;0;1;0;0;0;0;0;0;0;0;0;0;0;0;0;0;0;0;0;0;0;0;0;0;0;0;0;0;0;0;0;1;0;0;0;0;0;0;0;0;0;Wiede_1972
Agder;Grimstad;ID174236;;Settlement;Groenmyr_I;N;0;0;0;0;0;0;0;0;0;0;0;0;0;0;1;0;0;0;0;0;0;0;0;0;0;0;1;0;0;0;0;0;0;0;0;0;0;0;0;0;0;0;Aakerstroem_2014
Agder;Grimstad;C24362;;Settlement;Havstad;N;0;0;0;1;0;0;0;0;0;0;1;0;0;0;0;0;0;0;0;0;0;1;0;0;1;0;1;0;0;0;0;0;0;0;0;0;0;0;0;1;0;0;Kilhavn_2013
Agder;Grimstad;C25034,_C25081,_C26621,_C35905,_C52849,_C61323,_C61777;1931;Settlement;Jortveit_I;MNB;0;0;1;1;0;0;0;0;0;0;1;0;0;0;0;0;1;0;0;0;0;0;0;0;0;0;0;0;0;0;0;0;0;0;1;0;0;0;0;0;0;0;Bjoern_1932
Agder;Grimstad;C59633;2014;Settlement;Skjevika_lok._2;N;0;0;1;1;0;0;1;0;0;0;0;0;0;0;0;0;0;0;0;0;0;0;0;0;0;0;0;0;0;0;0;0;0;0;0;0;0;0;0;0;0;0;Mansrud_2018
Agder;Grimstad;C59635;;Settlement;Roligheta;N;1;1;1;1;1;0;1;0;0;0;0;0;0;0;0;0;1;0;0;0;0;0;0;0;0;0;0;0;0;0;0;0;0;0;1;0;0;0;0;0;0;0;Unpublished
Agder;Grimstad;C60780;2017;Settlement;Brukjerr_3;MNA;0;0;1;0;0;0;0;0;0;0;0;0;0;1;0;0;1;0;0;0;0;0;0;0;0;0;0;0;0;0;0;0;0;0;0;1;0;0;0;0;0;1;Mansrud_2018
Agder;Grimstad;ID249376;;Settlement;Solkroken;N;0;0;1;0;0;0;0;0;0;0;0;0;0;0;0;0;0;0;0;0;0;0;0;0;0;0;0;0;0;0;0;0;0;0;0;0;0;0;0;0;0;0;Unpublished
Agder;Tvedestrand;C23894;1918;Settlement;Viten;N;0;0;1;1;1;0;0;0;0;0;1;0;0;0;0;0;0;0;0;0;0;0;0;0;0;0;0;0;0;0;0;0;0;0;0;1;0;0;0;0;0;1;Nummedal_and_Bjoern_1930
Agder;Tvedestrand;C23893;1918;Settlement;Narestoe_I;N;0;0;1;0;0;0;0;0;0;0;1;0;0;1;0;0;0;0;0;0;0;0;0;0;0;0;0;0;0;0;0;0;0;0;1;0;0;0;0;0;0;1;Nummedal_and_Bjoern_1930
Agder;Tvedestrand;C23892;1918;Settlement;Narestoe_II;N;0;0;1;1;1;0;1;0;0;0;1;0;0;0;1;0;1;0;0;0;0;0;0;0;1;0;0;0;0;0;1;0;0;0;1;0;0;0;0;0;0;1;Nummedal_and_Bjoern_1930
Agder;Tvedestrand;C31136,_C29766,_C25753,_C29658,_C22114,_C22185,_C29404,_C29745,_C30340,_C30341,_C32825;1930;Settlement;Blekestrand;N;0;0;1;1;1;0;1;0;0;0;1;0;0;1;1;0;1;1;0;0;0;1;0;1;1;0;1;0;0;0;0;0;0;0;1;0;0;0;0;0;0;0;Unpublished
Agder;Tvedestrand;C27013,_C25713;;Settlement;Birkenes;N;0;0;0;1;0;0;0;0;0;0;1;0;0;0;0;0;0;0;0;0;0;0;0;0;0;0;0;0;0;0;0;0;0;0;0;0;0;0;0;0;0;0;Unpublished
Agder;Risoer;C52079;1999;Settlement;Oeysang;N;0;0;1;0;0;0;0;0;0;0;1;0;0;1;1;0;1;0;0;0;0;0;0;0;0;0;0;0;0;0;0;0;0;0;0;0;0;0;0;0;0;1;Toerhaug_2000
Agder;Risoer;C33205;;Settlement;Omland;N;0;0;0;1;0;0;0;0;0;0;0;0;0;0;0;0;0;0;0;0;0;0;0;0;0;0;0;0;0;0;0;0;0;0;0;0;0;0;0;0;0;0;Unpublished
Vestfold_og_Telemark;Bamble;C59651;2014;Settlement;Hegna_Vest_1;EN;0;1;0;0;0;0;0;0;0;0;0;0;0;0;0;0;0;0;0;0;0;0;0;0;0;0;0;0;0;0;0;0;1;0;0;0;0;0;0;0;0;1;Fossum_2017a
Vestfold_og_Telemark;Bamble;C59652;2014;Settlement;Hegna_Vest_2;N;0;0;0;0;0;0;0;0;0;0;0;0;0;0;0;0;0;0;0;0;0;0;0;0;0;0;0;0;0;0;0;0;0;0;1;0;0;0;0;0;0;0;Fossum_2017b
Vestfold_og_Telemark;Bamble;C59057;2013;Settlement;Stokke_Polland1;N;1;1;1;0;1;0;1;0;0;0;0;0;0;0;0;0;1;0;0;0;0;0;0;0;0;0;0;1;0;0;0;0;0;0;0;0;0;0;0;0;0;1;Kosvold_2017
Vestfold_og_Telemark;Bamble;C59644;2013;Settlement;Stokke_Polland9;F4;1;0;0;0;0;0;0;0;0;0;0;0;0;0;0;0;0;0;0;0;0;0;0;0;0;0;0;0;0;0;0;0;0;0;0;0;0;0;0;0;0;0;Fossum 2017
Vestfold_og_Telemark;Bamble;C38156;1993;Settlement;Rugtvedt;N;0;0;0;0;0;0;0;0;0;0;0;0;0;0;0;0;0;0;1;0;0;0;0;0;0;0;0;0;0;0;0;0;0;0;0;0;0;0;0;0;0;0;Unpublished
Vestfold_og_Telemark;Boe;C38612;;Settlement;Verpe;N;0;0;1;0;0;0;0;0;0;0;0;0;0;0;0;0;1;0;0;0;0;0;0;0;0;0;0;0;0;0;0;0;0;0;0;0;0;0;0;0;0;0;Unpublished
Vestfold_og_Telemark;Krageroe;C50885;;Settlement;Haslumkilen;N;0;0;0;0;0;0;0;0;0;0;1;0;0;0;1;0;0;0;0;0;0;0;0;0;0;0;0;0;0;0;0;0;0;0;1;0;0;0;0;0;0;0;Unpublished
Vestfold_og_Telemark;Krageroe;C28968;1949;Settlement;Sluppan;N;0;0;1;1;1;0;0;0;0;0;1;0;0;0;1;0;1;0;0;0;0;0;0;0;0;0;0;0;0;0;0;0;0;0;1;0;0;0;0;0;1;1;Ingstad_1965
Vestfold_og_Telemark;Krageroe;C28700,__C29200;1954;Settlement;Roesvik;N;0;0;1;0;0;0;0;0;0;0;0;0;0;1;0;0;1;0;0;0;0;0;0;0;0;0;0;0;0;0;0;0;0;0;1;0;0;0;0;0;0;1;Skjelsvik_1954,_1961,_Ingstad_1965:104
Vestfold_og_Telemark;Krageroe;C35958;1975;Settlement;Eidet;N;0;1;1;0;0;0;1;0;1;1;1;0;0;0;0;0;0;0;0;0;0;0;0;0;1;0;0;0;0;0;0;0;0;0;1;0;0;0;0;0;0;0;Unpublished
Vestfold_og_Telemark;Krageroe;C2218990,_C38710,_C38715;1980;Settlement;Bratland;N;0;0;1;1;0;0;0;0;0;0;0;0;0;0;1;0;1;0;0;0;0;0;0;0;0;0;1;0;0;0;0;0;0;0;1;0;0;0;0;0;0;0;Unpublished
Vestfold_og_Telemark;Krageroe;C35080,_C36299,_C50882;;Settlement;Braaten;N;1;1;1;0;0;0;0;0;0;0;0;0;0;0;0;0;0;0;0;0;0;0;0;0;0;0;0;1;0;0;0;0;1;0;0;0;0;0;0;0;0;0;Unpublished
Vestfold_og_Telemark;Krageroe;C50180;;Settlement;Tangen;N;0;0;1;0;0;0;0;0;0;0;0;0;0;0;1;0;1;0;0;0;0;0;0;0;0;0;0;1;0;0;0;0;0;0;1;0;0;0;0;0;0;0;Gloerstad_2005
Vestfold_og_Telemark;Krageroe;C23898;;Settlement;Oedegaarden;N;0;0;0;0;0;0;0;0;0;0;0;0;0;0;1;0;1;0;0;0;0;0;0;0;0;0;0;0;0;0;0;0;0;0;1;0;0;0;0;0;0;1;Gloerstad_2005
Vestfold_og_Telemark;Krageroe;C35026;;Settlement;Oevre_Roenningen;N;0;0;1;1;1;0;0;0;0;0;0;0;0;0;0;0;0;0;0;0;0;0;0;0;0;0;0;0;0;0;0;0;0;0;1;0;0;0;0;0;0;0;Mikkelsen_1989
Vestfold_og_Telemark;Tinn;C59777;2014;Settlement;Follsjaa_27;N;0;0;0;0;0;0;0;0;0;0;0;0;0;0;0;0;1;0;0;0;0;0;0;0;0;0;0;0;0;0;0;0;0;0;0;0;0;0;0;0;0;0;Stokke_2016
Vestfold_og_Telemark;Tinn;C59782;2014;Settlement;Follsjaa_32;N;0;1;1;1;0;0;0;0;0;0;0;0;0;0;1;0;1;1;1;0;0;0;0;0;0;0;0;0;0;0;0;0;0;0;1;0;0;0;0;0;0;0;Stokke_2016
Vestfold_og_Telemark;Tinn;C59784;2014;Settlement;Follsjaa_34;N;1;0;1;0;0;0;0;0;0;0;0;0;0;0;0;0;0;0;0;0;0;0;0;0;0;0;0;0;0;0;0;0;0;0;0;0;0;0;0;0;0;0;Stokke_2016
Vestfold_og_Telemark;Notodden;C25556;1932;Settlement;Guriby;N;0;0;1;1;0;0;1;0;0;0;1;0;0;1;1;0;1;0;0;0;0;0;0;0;0;0;0;0;0;0;0;0;0;0;1;0;0;0;0;0;0;1;Bjoern_1934,_Mikkelsen_1989,_Gunderseon_2013
Vestfold_og_Telemark;Notodden;C27022;;Settlement;Siljudalen;N;0;0;1;0;1;0;0;0;0;0;0;0;0;0;0;0;0;0;0;0;0;0;0;0;0;0;0;0;0;0;0;0;0;0;0;0;0;0;0;0;0;0;Gundersen_2013
Vestfold_og_Telemark;Notodden;C26056;;Settlement;Lihoel_II;N;0;0;1;1;1;0;0;0;0;0;0;0;0;0;1;0;0;0;0;0;0;0;0;0;0;0;0;0;0;0;0;0;0;0;0;0;0;0;0;0;0;0;Gundersen_2013
Vestfold_og_Telemark;Porsgrunn;C57603;2010;Settlement;Langangen_Vestgaard_3;F4;1;1;1;0;0;0;0;0;0;0;0;0;0;0;0;0;0;0;1;0;0;0;1;0;0;0;0;0;0;0;0;0;0;0;0;0;0;0;0;0;0;0;Eggen_2014
Vestfold_og_Telemark;Porsgrunn;C57605;2011;Settlement;Langangen_Vestgaard_5;F4;1;1;1;0;0;0;0;0;0;0;0;0;0;0;0;0;0;0;0;0;0;0;1;0;0;0;0;1;0;0;0;0;0;0;0;0;0;0;0;0;0;0;Reitan_2014
Vestfold_og_Telemark;Porsgrunn;C57606;2011;Settlement;Langangen_Vestgaard_6;EN;1;1;1;0;0;0;0;0;0;0;0;0;0;0;1;0;1;0;0;0;0;0;0;0;0;0;0;0;0;0;0;0;0;0;1;0;0;0;0;0;0;1;Reitan_2014
Vestfold_og_Telemark;Porsgrunn;C27078,_C29780;1950;Settlement;Haaoeya;N;0;0;0;0;0;0;0;0;0;1;0;0;0;0;0;0;0;0;0;0;0;0;0;0;0;0;0;0;0;0;0;0;0;0;1;0;0;0;0;0;0;1;Marstrander_1946,_Ingstad_1970:90
Vestfold_og_Telemark;Porsgrunn;C23661,_C24526,_C28512;;Settlement;Sorgenfri;N;0;0;1;0;0;0;0;0;0;0;0;0;0;0;0;0;1;0;0;0;0;0;0;0;0;0;0;0;0;0;0;0;0;0;1;0;0;0;0;0;0;1;Ingstad_1970:92
Vestfold_og_Telemark;Porsgrunn;C27988,_C295945,_C29275;1953;Settlement;Lerstang;N;0;0;1;1;0;0;1;0;0;0;0;0;0;0;0;0;0;0;0;0;0;0;0;0;0;0;0;0;0;0;0;0;0;0;0;0;0;0;0;0;1;1;Skjelsvik_1961,_Ingstad_1970:91
Vestfold_og_Telemark;Porsgrunn;C56296;2008;Settlement;Noeklegaard;LN;0;0;0;0;0;0;0;0;0;0;0;0;0;0;0;0;0;0;0;0;0;0;0;0;1;0;0;0;0;0;0;0;0;0;0;0;0;0;0;0;0;0;Jaksland_og_Kraemer_2012
Vestfold_og_Telemark;Porsgrunn;C23378,_C23379,_C23380,_C23381,_C23382,_C23383,_C23384,_C23385,_C23386,_C23387,_C23388;1957;Settlement;Rognlien;N;1;0;1;1;1;0;0;0;1;0;1;0;0;1;0;0;1;1;0;0;0;0;0;0;0;0;0;0;0;0;0;0;0;0;1;0;0;0;0;0;0;1;Ingstad_1970,_Skjoelsvold_1977:228
Vestfold_og_Telemark;Porsgrunn;C1625960;;Grave;Roedskjaer;N;0;0;0;0;0;0;0;0;0;0;0;0;0;0;0;0;0;0;0;0;0;0;0;0;0;0;0;0;0;0;1;0;0;0;0;0;0;0;0;0;0;1;Ingstad_1965:104,_1970:72,90
Vestfold_og_Telemark;Porsgrunn;C58012;2011;Settlement;Sundsaasen_2;N;0;1;1;0;0;0;0;0;0;0;0;0;0;0;0;0;0;0;0;0;0;0;0;0;0;0;0;0;0;0;0;0;0;0;0;0;0;0;0;0;0;0;Melvold_and_Persson_2014
Vestfold_og_Telemark;Porsgrunn;C58361;2011;Settlement;Vallermyrene_1;F4;1;0;0;0;0;0;0;0;0;0;0;0;0;0;0;0;0;1;1;0;1;0;0;0;0;0;0;0;0;0;0;0;0;0;0;0;0;0;0;0;0;0;Reitan_2014
Vestfold_og_Telemark;Porsgrunn;C58360;2011;Settlement;Vallermyrene_4;F3;0;0;0;0;0;0;0;0;0;0;0;0;0;0;0;0;0;0;1;0;1;0;0;0;0;0;0;0;0;0;0;0;0;0;0;0;0;0;0;0;0;0;Eigeland_and_Fossum_2014
Vestfold_og_Telemark;Heddal;C27977;1949;Grave;Kasin;MNB;0;0;0;0;0;0;0;0;0;0;0;0;0;0;0;0;0;0;0;0;0;0;0;0;0;0;1;0;0;0;0;1;0;0;0;0;0;0;0;0;0;0;Mikkelsen_1975
Vestfold_og_Telemark;Sauherad;C60662;2016;Grave;Lid;N;0;0;0;0;0;0;0;0;0;0;0;0;0;0;0;0;0;0;0;0;0;0;0;0;0;0;0;1;0;0;0;0;0;0;0;0;0;0;0;0;0;0;Mansrud_forthcoming
Vestfold_og_Telemark;Vinje;C29212,_34158;1870;Settlement;Storsanden;N;1;0;1;1;0;0;0;0;0;0;1;0;0;0;0;0;0;0;0;0;0;0;0;0;0;0;1;0;0;0;0;0;0;0;1;0;0;0;0;0;0;0;Bjoern_1930,_Ingstad_1970
Vestfold_og_Telemark;Vinje;C31338,_C31347,_C31545;1962;Settlement;Vivik_(gml._hytte);N;1;1;1;1;1;0;1;0;0;0;1;0;0;1;1;0;0;0;0;0;0;0;0;0;0;0;0;0;0;0;0;0;0;0;1;0;0;0;0;0;0;0;Odner_1965,_Gloerstad_2006
Vestfold_og_Telemark;Vinje;C29945,_C30079;1958;Settlement;Kjerringnes;MNA;0;0;1;0;0;0;0;0;0;0;0;0;0;0;0;0;0;0;0;0;0;0;0;0;0;0;0;0;0;0;0;0;0;0;0;0;0;0;0;0;0;0;Unpublished
Vestfold_og_Telemark;Vinje;C29979,_C29980;1958;Settlement;Nordre_Sandvika;N;0;0;1;0;0;0;1;0;0;0;0;0;0;0;0;0;0;0;0;0;0;0;0;0;0;0;0;0;0;0;0;0;0;0;0;0;0;0;0;0;0;0;Martens_and_Hagen_1961
Vestfold_og_Telemark;Vinje;C29981;1958;Settlement;Soendre_Sandvika;N;0;0;1;0;0;0;0;0;0;0;1;0;0;1;0;0;0;0;0;0;0;0;0;0;0;0;0;0;0;0;0;0;0;0;0;0;0;0;0;0;0;0;Martens_and_Hagen_1961
Vestfold_og_Telemark;Vinje;C29978;1959;Settlement;Bordalshelleren;N;0;0;0;0;0;0;1;0;0;0;0;0;0;0;0;0;0;0;0;0;0;0;0;0;0;0;0;0;0;0;0;0;0;0;0;0;0;0;0;0;0;0;Martens_and_Hagen_1961
Vestfold_og_Telemark;Vinje;C29948;1958;Settlement;Dragarosen_1;MNB;0;0;1;1;0;0;0;0;0;0;0;0;0;0;0;0;0;0;0;0;0;0;0;0;0;0;0;0;0;0;0;0;0;0;1;0;0;0;0;0;0;0;Martens_and_Hagen_1961
Vestfold_og_Telemark;Vinje;C29956;1958;Settlement;Vesle_Bruosen_1;MNB;0;0;1;0;0;0;0;0;0;0;0;0;0;0;1;0;0;0;0;0;0;0;0;0;0;0;0;0;0;0;0;0;0;0;0;0;0;0;0;0;0;0;Martens_and_Hagen_1961
Vestfold_og_Telemark;Vinje;C29983;1959;Settlement;Finnroi;MNB;0;0;1;1;0;0;0;0;0;0;1;0;0;0;0;0;1;0;0;0;0;0;0;0;0;0;0;0;0;0;0;0;0;0;1;0;0;0;0;0;0;0;Martens_and_Hagen_1961
Vestfold_og_Telemark;Vinje;C24125;;Settlement;Sporanes;LN;0;1;0;0;0;0;0;0;0;0;1;0;0;0;1;0;1;0;0;0;0;0;0;0;0;0;0;0;0;0;0;0;0;0;0;0;0;0;0;0;0;0;Bjoern_1930,_Hougen_1947:32
Vestfold_og_Telemark;Vinje;C30089;;Settlement;Mogatangen;N;1;1;1;1;1;0;0;0;0;0;0;0;0;0;1;0;0;0;0;0;0;0;0;0;0;0;0;0;0;0;0;0;0;0;0;0;0;0;0;0;0;0;Unpublished
Vestfold_og_Telemark;Vinje;;;Settlement;Neset;N;1;0;0;0;0;0;0;0;0;0;0;0;0;0;1;0;0;0;0;0;0;0;0;0;0;0;0;0;0;0;0;0;0;0;0;0;0;0;0;0;0;0;Gloerstad_1998
Vestfold_og_Telemark;Tinn;C34104;1978;Settlement;Maar_1058;LN;0;0;0;0;0;0;1;0;0;0;0;0;0;0;1;0;0;0;0;0;0;0;0;0;0;0;0;0;0;0;0;0;0;0;0;0;0;0;0;0;0;0;Gustafson_1978,_Indrelid_1994
Vestfold_og_Telemark;Tinn;C24449;;Settlement;Digerud;N;0;0;0;0;0;0;0;0;1;0;0;0;0;0;0;0;0;0;0;0;0;0;0;0;0;0;0;0;0;0;0;0;0;0;0;0;0;0;0;0;0;0;Unpublished
Vestfold_og_Telemark;Borre;C31815;1963;Settlement;Olofsdal;N;0;0;1;1;1;0;0;0;0;0;1;0;0;0;0;0;1;0;0;0;0;0;0;0;0;0;0;0;0;0;0;0;0;0;1;0;0;0;0;0;0;1;Unpublished
Vestfold_og_Telemark;Borre;;1996;Settlement;Skavli_3;F4;1;0;0;0;0;0;0;0;0;0;0;0;0;0;0;0;0;0;0;0;0;0;1;0;0;0;0;0;0;0;0;0;0;0;0;0;0;0;0;0;0;0;Gloerstad_1998
Vestfold_og_Telemark;Larvik;;1990;Settlement;Lesteknippe_3;F4;1;0;0;0;0;0;0;0;0;0;0;0;0;0;0;0;0;0;0;0;0;0;0;0;0;0;0;0;0;0;0;0;0;0;0;0;0;0;0;0;0;0;Gloerstad_1998
Vestfold_og_Telemark;Larvik;;1990;Settlement;Nirehitta;F4;1;0;1;0;0;0;0;0;0;0;0;0;0;0;0;0;0;0;0;0;0;0;0;0;0;0;0;0;0;0;0;0;0;0;0;0;0;0;0;0;0;0;Gloerstad_1998
Vestfold_og_Telemark;Larvik;;1990;Settlement;Svartangsdammen;F4;0;1;1;0;0;0;0;0;0;0;0;0;0;0;0;0;0;0;0;0;0;0;0;0;0;0;0;0;0;0;0;0;0;0;0;0;0;0;0;0;0;0;Gloerstad_1998
Vestfold_og_Telemark;Larvik;;1990;Settlement;Kolsoset_1;F4;1;1;1;0;0;0;0;0;0;0;0;0;0;0;0;0;0;0;0;0;0;0;0;0;0;0;0;0;0;0;0;0;0;0;0;0;0;0;0;0;0;0;Gloerstad_1998
Vestfold_og_Telemark;Larvik;C55536;2006;Settlement;Nordby_1;LN;0;0;0;0;0;0;1;0;0;0;0;0;0;0;0;0;0;0;0;0;0;0;0;0;0;0;0;0;0;0;0;0;0;0;0;0;0;0;0;0;0;0;Gjerpe_and_Bukkemoen_2008a,_Mjaerum_2012
Vestfold_og_Telemark;Larvik;C57993;2011;Settlement;Nordby_2;LN;0;0;1;1;0;0;0;0;0;0;0;0;0;0;0;0;0;0;0;0;0;0;0;0;0;0;0;0;0;0;0;0;0;0;0;0;0;0;0;0;0;1;Koxvold_2013
Vestfold_og_Telemark;Larvik;C55532;2006;Settlement;Nordby_52;LN;0;0;0;0;0;0;0;1;0;0;0;0;0;0;0;0;1;0;0;0;0;0;0;0;0;0;0;0;0;0;0;0;0;0;0;0;0;0;0;0;0;1;Gjerpe_og_Bukkemoen_2008b
Vestfold_og_Telemark;Larvik;C38230,_C39196;1991;Settlement;Sandtrahelleren;LN;0;0;0;0;0;0;1;0;0;0;1;0;0;0;0;0;0;0;0;0;0;0;0;0;0;0;0;0;0;0;0;0;0;0;0;0;0;0;0;0;0;1;"Oestmo_1993;_2008:178"
Vestfold_og_Telemark;Larvik;C18957,_C20497,_C20498;;Settlement;Torp;N;0;0;0;0;0;0;0;0;0;0;0;0;0;0;0;0;0;0;0;0;1;0;1;0;0;0;0;0;0;0;0;0;0;0;0;0;0;0;0;0;0;0;Broegger_1905
Vestfold_og_Telemark;Larvik;C34586;;Settlement;Torsroed;F4;1;0;1;0;0;0;0;0;0;0;0;0;0;0;0;0;0;0;0;0;0;0;0;0;0;0;0;0;0;0;0;0;0;0;0;0;0;0;0;0;0;0;Østmo 1976
Vestfold_og_Telemark;Sande;C36790;1985;Settlement;Skafjellaasen_IV;N;1;1;1;0;0;0;0;0;0;0;1;0;0;0;0;0;0;0;0;0;0;0;0;0;0;0;0;0;0;0;0;0;0;0;0;0;0;0;0;0;0;0;Unpublished
Vestfold_og_Telemark;Sandefjord;;1976;Settlement;Auve;N;0;0;1;1;1;0;0;0;0;0;1;0;0;1;0;0;1;0;0;0;0;0;0;0;0;0;0;0;0;0;0;0;0;0;1;1;1;0;0;0;0;1;Oestmo_1983,_2008
Vestfold_og_Telemark;Sandefjord;;1991;Settlement;Holtan_nedre;EN;1;1;1;0;0;0;0;0;0;0;0;0;0;0;1;0;0;0;0;0;0;0;0;0;0;0;0;0;0;0;0;0;0;0;0;0;0;0;0;0;0;0;Gloerstad_1998
Vestfold_og_Telemark;Sandefjord;C55260;2009;Settlement;Marum_137;LN;0;0;0;0;0;0;1;1;0;0;0;0;0;0;0;0;0;0;0;0;0;0;0;0;0;0;0;0;0;0;0;0;0;0;0;0;0;0;0;0;0;0;Knutsen_og_Skogsfjord_2009,_Mjaerum_2012
Vestfold_og_Telemark;Sandefjord;C30584,_C30585,_C30586;1961;Settlement;Huseby;N;1;1;1;1;0;0;1;0;1;0;0;0;0;0;1;0;1;1;0;0;0;0;0;0;0;0;0;0;0;0;0;0;0;0;0;0;0;0;0;0;0;0;Unpublished
Vestfold_og_Telemark;Toensberg;C57127;2007;Settlement;Roeren;N;0;0;0;0;0;0;1;0;0;0;0;0;0;0;0;0;0;0;0;0;0;0;0;0;0;0;0;0;0;0;0;0;0;0;0;0;0;0;0;0;0;0;Mjaerum_2012
Innlandet;Lesja;C38938;1991;Settlement;Vassenden;MNB;0;0;1;0;1;0;0;0;0;0;1;1;1;1;1;0;1;0;0;0;0;0;0;0;1;0;0;0;0;0;0;0;0;0;1;0;0;0;0;0;0;0;Resi_og_Oestmo_2009
Innlandet;Lom;C60088;2014;Settlement;Naavaarseter_1S;MNA;0;0;1;0;0;0;0;0;0;0;0;0;0;0;0;0;0;0;0;0;0;0;0;0;0;0;0;0;0;0;0;0;0;0;0;0;0;0;0;0;0;0;Friis_and_Mjaerum_2016
Innlandet;Lom;C60089;2014;Settlement;Naavaarseter_2;N;0;0;0;0;0;0;1;0;0;0;0;0;0;0;0;0;0;0;0;0;0;0;0;0;0;0;0;0;0;0;0;0;0;0;0;0;0;0;0;0;0;0;Friis_and_Mjaerum_2016
Innlandet;Lom;C60090;2014;Settlement;Naavaarseter_4;MNB;0;0;0;0;0;0;0;0;0;0;1;0;0;0;0;0;0;0;0;0;0;0;0;0;0;0;0;0;0;0;0;0;0;0;0;0;0;0;0;0;0;0;Friis_and_Mjaerum_2016
Innlandet;Soendre_Land;C7525;;Settlement;Saevtun;N;0;0;0;0;0;0;0;0;0;0;0;0;0;0;0;0;1;0;0;0;0;0;0;0;0;0;0;0;0;0;0;0;0;0;1;0;0;0;0;0;0;0;Rygh_1885
Innlandet;Vang;C31539,_C31540;1962;Settlement;Tvindehaugoey;N;0;0;0;0;0;0;0;0;0;0;1;0;0;1;0;0;0;0;0;0;0;0;0;0;0;0;0;0;0;0;0;0;0;0;0;0;0;0;0;0;0;0;Unpublished
Innlandet;Vaagaa;C59130;2014;Settlement;Tesseosen_2;N;0;0;0;0;0;0;0;0;0;0;0;0;0;0;1;0;0;0;0;0;0;0;0;0;0;0;0;0;0;0;0;0;0;0;0;0;0;0;0;0;0;0;Friis_and_Mjaerum_2016
Innlandet;Aamot;C55555,_C53831;2006;Settlement;Os;LN;0;0;0;0;0;0;0;0;0;0;1;0;0;0;1;0;0;0;0;0;0;0;0;0;0;0;0;0;0;0;0;0;0;0;1;0;0;0;0;0;0;1;Persson_2010
Innlandet;Hamar;C60531;2016;Settlement;Aaker;MNB;0;0;1;0;0;0;0;0;0;0;0;0;0;0;0;0;1;0;0;0;0;0;0;0;0;0;0;0;0;0;0;0;0;0;0;0;0;0;0;0;0;0;Saether_2017
Oslo;Oslo;C16606;;Grave;Sannergata;MNB;0;0;0;0;0;0;0;0;0;0;0;0;0;0;0;0;0;0;0;0;0;0;0;0;0;0;0;0;1;0;0;1;0;0;0;0;0;0;0;0;0;0;Mikkelsen_1975
Oslo;Oslo;C54640;2004;Settlement;Sjoemannskolen;F4;1;0;0;0;0;0;0;0;0;0;0;0;0;0;0;0;0;0;0;0;0;0;0;0;0;0;0;0;0;0;0;0;0;0;0;0;0;0;0;0;0;0;Mjaerum_2009
Viken;Hurum;C22572;;Settlement;Roedstoea;N;0;0;0;0;0;0;0;0;0;0;1;0;0;0;0;0;0;0;0;0;0;0;0;0;0;0;0;0;0;0;0;0;0;0;0;0;0;0;0;0;0;0;Gjessing_1945
Viken;Hurum;C20656,_C22577;1984;Grave;Holtenes_III;MNA;0;0;1;0;0;0;0;0;0;0;1;0;0;0;0;0;0;0;0;0;0;0;0;0;0;0;0;0;0;0;0;0;0;0;0;0;0;0;0;0;0;0;Oestmo_2007
Viken;Hol;C30104;;Settlement;Bergsmulvatn_II;N;0;0;1;0;0;0;1;0;0;0;0;0;1;0;1;0;0;0;0;0;0;0;0;0;0;0;0;0;0;0;0;0;0;0;0;0;0;0;0;0;0;0;Unpublished
Viken;Hol;C32554;1967;Settlement;Geiteryggheller_II;N;0;0;0;0;0;0;1;0;0;0;0;0;0;1;1;0;0;0;0;0;0;0;0;0;0;0;0;0;0;0;0;0;0;0;0;0;0;0;0;0;0;0;Unpublished
Viken;Hol;C32556;1967;Settlement;Vestredalshelleren;LN;0;0;0;0;0;0;1;0;0;0;0;0;0;0;1;0;0;0;0;0;0;0;0;0;0;0;0;0;0;0;0;0;0;0;0;0;0;0;0;0;0;0;Unpublished
Viken;Aal;C29998;1959;Settlement;Blaanut_IV;N;0;0;0;0;0;0;0;0;0;0;1;1;0;0;1;0;0;0;0;0;0;0;0;0;0;0;0;0;0;0;0;0;0;0;1;0;0;0;0;0;0;0;Martens_and_Hagen_1961,_Odner_1965:228
Viken;Aal;C29996,_C33406;1959;Settlement;Gyrinos_IV;N;1;1;1;0;1;0;0;0;0;0;1;0;0;0;1;0;0;0;0;0;0;0;0;0;0;0;0;0;0;0;0;0;0;0;0;0;0;0;0;0;0;0;Martens_and_Hagen_1961
Viken;Nore_og_Uvdal;C33735;1970;Settlement;Hein_33;EN;1;0;0;0;0;0;0;0;0;0;1;0;0;1;1;0;0;0;0;0;0;0;0;0;0;0;0;0;0;0;0;0;0;0;0;0;0;0;0;0;0;0;Indrelid_1994
Viken;Nore_og_Uvdal;C35196;1974;Settlement;Bjornesfjorden;N;1;1;1;0;0;0;1;0;0;0;0;0;0;0;0;0;0;0;0;0;0;0;0;0;0;0;0;0;0;0;0;0;0;0;1;0;0;0;0;0;0;0;Indrelid_1994
Viken;Nore_og_Uvdal;C33743,_C35199;1973;Settlement;Skrykken_769;N;0;0;1;0;0;0;0;0;0;0;1;0;0;0;1;0;0;0;0;0;0;0;0;0;0;0;0;0;0;0;0;0;0;0;1;0;0;0;0;0;0;0;Indrelid_1994
Viken;Nore_og_Uvdal;C58483;2011;Settlement;RT12-04;N;0;0;1;1;0;0;1;0;0;0;1;0;0;0;1;0;0;0;0;0;0;0;0;0;0;0;0;0;0;0;0;0;0;0;0;0;0;0;0;0;0;0;Nergaard_2015
Viken;Nore_og_Uvdal;C58491;2012;Settlement;RT12-12;N;0;0;0;0;1;0;0;0;0;0;0;0;0;0;0;0;0;0;0;0;0;0;0;0;0;0;0;0;0;0;0;0;0;0;1;0;0;0;0;0;0;0;Stokke_2015
Viken;Nore_og_Uvdal;C58495;2012;Settlement;RT12-15;MNB;0;0;0;0;0;0;0;0;0;0;1;0;0;1;1;0;0;0;0;0;0;0;0;0;0;0;0;0;0;0;0;0;0;0;1;1;0;0;0;0;0;0;Vihovde_2015
Viken;Baerum;C56479;2007;Settlement;Doenski;EN;0;0;0;0;0;0;0;0;0;0;0;0;0;0;0;0;0;0;0;0;0;0;0;0;0;0;0;0;0;0;0;0;0;0;0;0;0;0;0;0;0;1;Demuth_and_Simonsen_2010
Viken;Baerum;C55757;2004;Settlement;Kjoerbo;N;0;0;0;0;0;0;0;0;0;0;1;0;0;0;0;0;0;0;0;0;0;0;0;0;0;0;0;0;0;0;0;0;0;0;1;0;0;0;0;0;0;0;Jaksland_2014a
Viken;Baerum;C56694;2010;Settlement;Voeien_1_Fase_1;EN;1;0;0;0;0;0;0;0;0;0;0;0;0;0;0;0;0;0;0;0;0;0;0;0;0;1;0;0;0;0;0;0;0;0;1;0;0;0;0;0;0;0;Mjaerum_2010,_2012
Viken;Baerum;C56694;2010;Settlement;Voeien_1_Fase_2;LN;0;0;0;0;0;0;1;0;0;0;0;0;0;0;0;0;0;0;0;0;0;0;0;0;0;0;0;0;0;0;0;0;0;0;0;0;0;0;0;0;0;0;Mjaerum_2010
Viken;Eidsvold;C57297;2012;Settlement;Andelva;N;1;1;1;1;0;0;0;0;0;0;1;0;0;0;1;0;0;0;0;0;0;0;0;0;0;0;0;0;0;0;0;0;0;0;1;0;0;0;0;0;0;0;Melvold_2012
Viken;Frogn;C60187;2015;Settlement;Holtebraaten-Tusse_1;LN;0;0;0;0;0;0;1;0;0;0;1;0;0;0;0;0;0;0;0;0;0;0;0;0;0;0;0;0;0;0;0;0;0;0;0;0;0;0;0;0;0;0;Winther_2017
Viken;Frogn;C59134;2014;Settlement;Havsjoedalen;F4;1;0;0;0;0;0;0;0;0;0;0;0;0;0;0;0;0;0;0;0;0;0;0;0;0;0;0;0;0;0;0;0;0;0;0;0;0;0;0;0;0;0;Bjoerkli_2015
Viken;Frogn;C51071;1997;Settlement;Braatan_4;N;0;0;0;0;0;0;0;0;0;0;0;0;0;0;0;0;0;0;0;0;0;0;0;0;0;0;0;0;0;0;0;0;0;0;1;0;0;0;0;0;0;0;Ballin_1998
Viken;Frogn;C57572;2010;Settlement;Haslum;EN;1;0;1;0;0;0;0;0;0;0;0;0;0;0;0;0;0;0;0;0;0;0;0;0;0;0;0;1;0;0;0;0;0;0;0;0;0;0;0;0;0;1;Schaller_Aarberg_2011
Viken;Frogn;C59493;2014;Settlement;Krogsrud;F3;0;0;0;0;0;0;0;0;0;0;0;0;0;0;0;0;0;0;1;0;0;0;1;0;0;0;0;0;0;0;0;0;0;0;0;0;0;0;0;0;0;0;Viken_2015
Viken;Ski;ID89762;2004;Settlement;Noekleby;EN;1;0;0;0;0;0;0;0;0;0;0;0;0;0;0;0;0;0;0;0;0;0;0;0;0;0;0;0;0;0;0;0;1;0;0;0;0;0;0;0;0;1;Amundsen_et_al._2006
Viken;Vestby;C61340;2018;Settlement;Nordre_Labo;EN;1;1;1;0;0;0;0;0;0;0;0;0;0;0;0;0;0;0;0;0;0;0;0;0;0;0;0;0;0;0;0;0;0;0;0;0;0;0;0;0;0;0;Lyby_and_Koxvold_2019
Viken;Vestby;C60117;2015;Settlement;Løkkeveien 25;N;0;0;1;1;0;0;0;0;0;0;1;0;0;1;0;0;1;0;0;0;0;0;0;0;0;0;1;0;0;0;0;0;0;0;1;0;0;0;0;0;0;0;Reitan 2017
Viken;Vestby;C38233;1993;Settlement;Roed_72;MNA;0;0;1;0;0;0;0;0;0;0;0;0;0;0;0;0;0;0;0;0;0;0;0;0;0;0;0;0;0;0;0;0;0;0;0;0;0;0;0;0;0;0;Berg_1995
Viken;Vestby;C38231;1993;Settlement;Gjoelstad_33;F4;1;1;0;0;0;0;0;0;0;0;0;0;0;0;0;0;0;0;1;0;0;0;0;0;0;0;0;0;0;0;0;0;0;0;0;0;0;0;0;0;0;0;Berg_1995
Viken;Aremark;C57345;2003;Grave;Kolleroed_2;LN;0;0;0;0;0;0;1;0;0;0;0;0;0;0;0;0;0;0;0;0;0;0;0;0;0;0;0;0;0;0;0;0;0;0;0;0;0;0;0;0;0;0;Oestmo_2011,_Mjaerum_2012
Viken;Aremark;C57345;1919;Grave;Fange;LN;0;0;0;0;0;0;0;0;0;0;0;0;0;0;0;0;0;0;0;0;0;0;0;0;0;0;0;0;0;0;0;0;0;0;0;0;0;0;0;0;0;1;Oestmo_2011
Viken;Fredrikstad;C55756;2004;Settlement;Ambjoernroed;N;0;0;1;0;1;0;0;0;0;0;0;0;0;0;0;0;0;0;0;0;0;0;0;0;0;0;0;0;0;0;0;0;0;0;0;0;0;0;0;0;0;0;Jaksland_2014b
Viken;Fredrikstad;C28981,_C28982,_C28985,_C28989,_C28992;1951;Settlement;Hunn_3_Jydehaugen;N;0;0;0;0;1;0;0;0;1;0;0;0;0;0;1;0;0;0;0;0;0;0;0;0;0;0;0;0;0;0;0;0;0;0;1;0;0;0;0;0;0;0;Oestmo_1988:163
Viken;Fredrikstad;C51659;1994;Settlement;Kjoelberg;MNB;0;0;0;0;1;0;0;0;0;0;1;0;0;0;0;0;0;0;0;0;0;0;0;0;0;0;0;0;0;0;0;0;0;0;0;0;0;0;0;0;0;1;Resi_1998,_Oaestmo_2008:180
Viken;Fredrikstad;C56403,_C31788;;Settlement;Mossikhuset;N;0;0;0;0;0;0;0;0;1;1;0;0;0;0;0;0;0;0;0;0;0;0;0;0;0;0;0;0;0;0;0;0;0;0;0;0;0;0;0;0;0;0;Unpublished
Viken;Fredrikstad;C27771,_C27601;1948;Settlement;Roedsmyra_1;N;0;0;0;0;1;0;0;0;0;0;1;0;0;1;0;0;0;0;0;0;0;0;0;0;0;0;0;0;0;0;0;0;0;0;0;0;0;0;0;0;0;0;"Johansen_1948,_Skjoelsvold_1977:227;_Oestmo_1988:155"
Viken;Fredrikstad;C27772;1948;Settlement;Roedsmyra_2;N;0;0;0;0;1;1;0;0;0;0;1;0;0;1;0;0;0;0;0;0;0;0;0;0;0;0;1;0;0;0;0;0;0;0;1;0;0;0;0;0;0;1;"Johansen_1948,_Skjoelsvold_1977:227;_Oestmo_1988:155"
Viken;Fredrikstad;C27773;1948;Settlement;Roedsmyra_3;N;0;0;0;0;0;0;0;0;0;0;0;0;0;0;0;0;0;0;0;0;0;0;0;0;0;0;0;0;0;0;0;0;0;0;1;0;0;0;0;0;0;1;"Johansen_1948,_Skjoelsvold_1977:227;_Oestmo_1988:155"
Viken;Halden;C61422;2018;Settlement;Berby_Herregaard;N;0;0;1;0;0;0;0;0;0;0;0;0;0;0;0;0;1;0;0;0;0;0;0;0;0;0;1;0;0;0;0;0;0;0;0;0;0;0;0;0;0;0;Bjoerkli_2020
Viken;Halden;C53848;2001;Settlement;Berget_1;F4;1;0;1;0;0;0;0;0;0;0;0;0;0;0;0;0;0;0;1;1;1;0;0;0;0;0;0;0;0;0;0;0;0;0;0;0;0;0;0;0;0;0;Gloerstad_2004
Viken;Halden;;;Settlement;Kjeoey;F4;1;1;1;0;0;0;0;0;0;0;0;0;0;0;0;0;0;0;0;0;0;0;0;0;0;0;0;0;0;0;0;0;0;0;0;0;0;0;0;0;0;0;Mikkelsen_1975
Viken;Halden;C25484;1933;Settlement;Kjoelerbakken;N;0;1;0;0;0;0;0;0;0;0;0;0;0;0;0;0;0;0;0;0;1;0;0;0;0;0;0;1;0;0;0;0;0;0;0;0;0;0;0;0;0;0;Hinsch_1955
Viken;Halden;C52637;2001;Settlement;Solbakken_3;MNA;0;0;1;1;0;0;0;0;0;0;0;0;1;0;0;0;1;0;0;0;0;0;0;0;0;0;0;0;0;0;0;0;0;0;1;0;0;0;0;0;0;1;Oestmo_2004
Viken;Halden;C53867,_C53868,_C53969,_C53870;2002;Settlement;Stensroed;LN;0;0;0;0;0;0;1;0;0;0;0;0;0;0;0;0;0;0;0;0;0;0;0;0;0;0;1;0;0;0;0;0;0;0;1;0;0;0;0;0;0;0;Roenne_2003a,_Mjaerum_2012
Viken;Halden;;1991;Settlement;Ystehede A;EN;1;1;1;0;0;0;0;0;0;0;0;0;0;0;0;0;0;0;0;0;0;0;0;0;0;0;0;0;0;0;0;0;0;0;0;0;0;0;0;0;0;0;Olstad_1993,_Solheim_2012:125,_Kile-Vesik_2015
Viken;Halden;;1991;Settlement;Ystehede B;MNB;0;0;0;0;0;0;0;0;0;0;0;0;0;0;0;0;0;0;0;0;0;0;0;0;0;0;0;0;1;0;0;0;0;0;0;0;0;0;0;0;0;0;Olstad_1993
Viken;Halden;;2001;Settlement;Torpum_1;N;0;0;0;0;0;0;0;0;0;0;0;0;0;0;0;0;0;0;0;0;0;0;0;0;0;0;1;0;0;0;0;0;0;0;0;0;0;0;0;0;0;0;Johansen_2003
Viken;Halden;C53864,_C53865,_C53866;2001;Settlement;Torpum_9a/16;LN;0;0;0;0;0;0;1;0;0;0;1;0;1;0;0;0;0;0;0;0;0;0;0;0;0;0;1;0;0;0;0;0;0;0;1;0;0;0;0;0;0;0;Roenne_2003b,_Mjaeum_2012
Viken;Halden;;2001;Settlement;Torpum_10;F4;1;1;1;0;0;0;0;0;0;0;0;0;0;0;0;0;0;0;0;0;0;0;0;0;0;0;0;0;0;0;0;0;0;0;0;0;0;0;0;0;0;0;Gloerstad_2004
Viken;Halden;;2001;Settlement;Berget_2;N;1;0;0;0;0;0;0;0;0;0;0;0;0;0;0;0;0;0;0;0;0;0;0;0;0;0;0;1;0;0;0;0;0;0;0;0;0;0;0;0;0;1;Toerhaug_2002
Viken;Halden;;1989;Settlement;Saugbruk_5;F4;1;0;0;0;0;0;0;0;0;0;0;0;0;0;0;0;0;0;1;0;0;0;0;0;0;0;0;0;0;0;0;0;0;0;0;0;0;0;0;0;0;0;Gloerstad_1998
Viken;Halden;;2003;Settlement;Vestgaard_3;N;1;1;1;0;0;0;0;0;0;0;0;0;0;0;0;0;0;0;0;0;0;0;0;0;0;0;0;0;0;0;0;0;0;0;1;0;0;0;0;0;0;0;Johansen_2004a
Viken;Halden;;2003;Settlement;Vestgaard_6;EN;1;1;1;0;0;0;0;0;0;0;0;0;0;0;0;0;0;0;0;1;0;0;0;0;0;0;0;1;0;0;0;0;0;0;1;0;0;0;0;0;0;0;Jaksland_og_Toerhaug_2004
Viken;Halden;;2003;Settlement;Vestgaard_8;EN;1;0;0;0;0;0;0;0;0;0;0;0;0;0;0;0;0;0;0;0;0;0;0;0;0;0;0;0;0;0;0;0;0;0;0;0;0;0;0;0;0;1;Johansen_2004b
Viken;Nordby;C10303;1880;Grave;Vaaler;MNB;0;0;0;0;0;0;0;0;0;0;0;0;0;0;0;0;0;0;0;0;0;0;0;0;0;0;1;0;0;0;0;1;0;0;0;0;0;0;0;0;1;0;Mikkelsen_1975
Viken;Marker;C52647;2000;Grave;Lund;LN;0;0;0;0;0;0;1;0;0;0;0;0;0;0;0;0;0;0;0;0;0;0;0;0;0;0;0;0;0;0;0;0;0;0;0;0;0;0;0;0;0;0;Oestmo_2011,_Mjaerum_2012
Viken;Marker;C57346;2002;Grave;Volen;LN;0;0;0;0;0;0;1;0;0;0;0;0;0;0;0;0;0;0;0;0;0;0;0;0;0;0;0;0;0;0;0;0;0;0;0;0;0;0;0;0;0;0;Oestmo_2011,_Mjaerum_2012
Viken;Rakkestad;C20598;1906;Grave;Haug;MNB;0;0;0;0;0;0;0;0;0;0;0;0;0;0;0;0;0;0;0;0;0;0;0;0;0;0;1;0;1;0;0;1;0;0;0;0;0;0;0;0;0;0;Mikkelsen_1975
Viken;Moss;C37617;1990;Settlement;Bingen_Fuglevik;N;0;0;1;1;1;1;0;0;0;0;1;0;0;0;0;0;1;0;0;0;0;0;0;0;0;0;1;0;0;0;0;0;0;0;1;0;0;0;0;0;1;1;Oestmo_1988
Viken;Moss;C55688;2003;Settlement;Boersebakke;N;0;1;0;0;0;0;0;0;0;0;0;0;0;0;0;0;1;0;0;0;0;0;0;0;0;0;0;0;0;0;0;0;0;0;0;0;0;0;0;0;0;1;Oestmo_and_Skogstrand_2006
Viken;Moss;C37525;1990;Settlement;Roerekroken_Fuglevik;N;0;0;1;1;1;0;1;0;0;0;1;0;0;1;1;0;1;0;0;0;0;0;0;0;0;0;0;0;0;0;0;0;0;0;1;0;0;0;0;0;0;0;Unpublished
Viken;Raade;C53668;2004;Settlement;Finstad;F4;1;1;1;0;0;0;0;0;0;0;0;0;0;0;0;0;0;0;1;1;0;0;0;0;0;0;0;0;0;0;0;0;0;0;0;0;0;0;0;0;0;0;Melvold 2009
Viken;Raade;C26457,_C27262;1942;Grave;Borgebund;MNB;0;0;0;0;0;0;0;0;0;0;0;0;0;0;0;0;0;0;0;0;0;0;0;0;0;0;1;0;0;0;0;1;0;0;0;0;0;0;0;0;0;0;Gjessing_1942,_Mikkelsen_1975
Viken;Raade;C56518;2007;Settlement;Kjelleroed;N;0;0;0;0;0;0;0;0;0;0;0;0;0;0;0;0;0;0;0;0;0;0;0;0;0;0;0;0;0;0;0;0;0;0;1;0;0;0;0;0;0;0;Eketuft_Rygh_og_Skogsfjord_2010
Viken;Raade;C59094;2013;Settlement;Stroemnesaasen;N;0;0;1;0;0;0;0;0;0;0;0;0;0;0;0;0;1;0;0;0;0;0;0;0;0;0;0;0;0;0;0;0;0;0;0;0;0;0;0;0;0;0;Carrasco_2014
Viken;Raade;C53235;2003;Settlement;Stroemshaug;LN;0;0;0;0;0;0;1;0;0;0;0;0;0;0;0;0;0;0;0;0;0;0;0;0;0;0;0;0;0;0;0;0;0;0;0;0;0;0;0;0;0;0;Baardseth_og_Sandvik_2007
Viken;Sarpsborg;;1977;Settlement;Gunnarstorp_1;N;0;0;1;0;1;0;1;0;0;0;0;0;0;0;0;0;1;0;0;0;0;0;0;0;0;0;0;0;0;0;0;0;0;0;1;0;0;0;0;0;0;0;Oestmo_1988
Viken;Sarpsborg;;1977;Settlement;Gunnarstorp_2;N;1;1;1;0;0;0;0;0;0;0;0;0;0;0;0;0;0;0;0;0;0;0;0;0;0;0;0;0;0;0;0;0;0;0;0;0;0;0;0;0;0;0;Oestmo_1988
Viken;Sarpsborg;C39778;1984;Settlement;Komperoed_A;N;1;0;0;0;0;0;0;0;0;0;0;0;0;0;0;0;0;0;0;0;0;0;0;0;0;0;0;0;0;0;0;0;0;0;0;0;0;0;0;0;0;0;Oestmo_1988
Viken;Sarpsborg;C39779;1984;Settlement;Komperoed_B;N;1;1;0;0;0;0;0;0;0;0;0;0;0;0;0;0;0;0;0;0;0;0;0;0;0;0;0;0;0;0;0;0;0;0;0;0;0;0;0;0;0;0;Oestmo_1988
Viken;Sarpsborg;C39780;1984;Settlement;Komperoed_C;N;0;0;1;0;0;0;0;0;0;0;0;0;0;0;0;0;1;0;0;0;0;0;0;0;0;0;0;0;0;0;0;0;0;0;1;0;0;0;0;0;0;0;Oestmo_1988
Viken;Sarpsborg;C21938,_C21966,_C22091,_C25715,_C26025,_C26030;1916;Settlement;Sandvika;N;0;0;0;1;0;0;0;0;0;0;0;0;0;0;0;0;0;0;0;0;0;0;0;0;0;0;1;0;0;0;1;0;0;0;0;0;0;0;0;0;0;0;Hinsch_1955
Viken;Sarpsborg;;1913;Grave;Skjeltorp;MNA;0;0;1;0;0;0;0;0;0;0;0;0;0;0;0;0;0;0;0;0;0;0;0;0;0;0;0;0;0;0;0;0;0;0;0;0;1;0;0;0;0;0;Oestmo_2007
Viken;Skiptvet;;;Settlement;Kalsrud;N;0;0;0;0;0;0;1;0;1;1;0;0;0;0;0;0;0;0;0;0;0;0;0;0;1;0;1;0;0;0;0;0;0;0;0;0;0;0;0;0;0;0;Unpublished
Viken;Tune;C36796;1986;Settlement;Lundvoll;N;0;0;0;0;0;0;0;0;0;0;0;0;0;0;0;0;0;0;0;0;0;0;0;0;0;0;0;0;0;0;0;0;0;0;0;0;0;0;0;0;0;1;Unpublished
Viken;Tune;;1994;Settlement;Boerstad;N;1;0;0;0;0;0;0;0;0;0;0;0;0;0;0;0;0;0;0;0;0;0;0;0;0;0;0;0;0;0;0;0;0;0;0;0;0;0;0;0;0;0;Gloerstad_1998
